open,close,volume,turnover,return
17.93,17.71,746136,1332370048,-0.018836565
17.71,17.73,914014,1615350016,0.001129305
17.69,17.36,774277,1348702976,-0.020868584
17.33,16.91,1019432,1742282240,-0.025921659
16.88,16.91,803599,1351767296,0
17.88,16.94,1465693,2530625280,0.001774098
16.88,17.07,1121898,1879278080,0.007674144
16.52,16.15,2052233,3344313088,-0.053895723
16.2,16.33,1247176,2011436032,0.011145511
16.27,16.31,873022,1417365888,-0.00122474
16.1,16.18,960226,1546142336,-0.00797057
16.22,16.25,984443,1601316608,0.004326329
16.29,15.86,1078806,1725434368,-0.024
15.88,16.15,912858,1469683712,0.018284994
16,16.67,1944471,3191885824,0.032198142
16.39,16.23,956049,1565828480,-0.026394721
16.23,16.09,973649,1565571328,-0.008626001
16.11,15.44,1411065,2206603776,-0.040397763
15.43,15.13,1114657,1690862720,-0.02007772
15,15.17,923381,1411179136,0.002643754
15.19,15.29,871957,1313666432,0.007910349
15.4,15.63,1123238,1758471936,0.022236756
15.66,15.99,987549,1563011968,0.02303263
15.8,15.85,507178,805695744,-0.008755472
15.6,15.48,556008,861379136,-0.023343849
15.48,15.13,535140,815924736,-0.022609819
15.15,15.31,429537,655032960,0.011896894
15.42,15.53,428959,664539392,0.014369693
15.58,15.56,388432,605445056,0.001931745
15.66,15.78,390077,614206848,0.014138817
15.7,15.73,375122,592096512,-0.003168568
15.69,15.46,479831,738670656,-0.017164654
15.27,15.55,406974,625196032,0.005821475
15.55,15.86,704464,1118873344,0.019935691
15.8,15.9,492145,783666880,0.002522068
15.95,16.3,813009,1318204800,0.025157233
16.4,16.46,1097808,1805331456,0.009815951
16.46,16.49,709334,1161657600,0.0018226
16.5,16.12,854536,1390873728,-0.022437841
15.31,14.89,655562,985495936,-0.07630273
14.89,15.37,651948,986746176,0.0322364
15.32,15.65,605340,937367104,0.018217306
15.65,15.53,542364,847490048,-0.007667732
15.49,15.53,475023,736175232,0
15.53,15.67,652214,1027260416,0.00901481
15.71,15.57,481478,754545792,-0.006381621
15.61,15.57,476514,748012416,0
15.53,15.43,389459,598626560,-0.008991651
15.38,15.74,798330,1257764480,0.020090732
15.87,16.3,1573013,2553505280,0.035578145
16.35,16.44,895022,1468470784,0.008588957
16.43,16.28,556969,907779840,-0.00973236
16.3,16.38,635959,1040503168,0.006142506
16.45,16.29,600849,979992000,-0.005494505
16.41,16.38,779521,1283652864,0.005524862
16.36,16.26,637702,1035449536,-0.007326007
16.24,15.92,831473,1327936384,-0.020910209
15.9,16.04,552629,884348352,0.007537688
16.13,15.88,831301,1318452608,-0.009975062
15.87,16.14,1093558,1754697600,0.016372796
16.19,16.14,669830,1080422272,0
16.21,16.09,794739,1275626496,-0.003097893
16.04,15.69,785193,1238083840,-0.024860162
15.38,14.69,2216152,3294024448,-0.063734863
14.68,14.48,1357677,1961918848,-0.014295439
14.52,14.66,1237929,1788933248,0.012430939
14.5,14.18,1709074,2420550400,-0.032742156
14.19,14.17,1057509,1494785792,-0.000705219
14.21,14.05,638387,902685760,-0.008468596
14.01,13.8,937592,1296433664,-0.017793594
13.68,13.82,682681,939065472,0.001449275
13.97,14.03,891715,1259234944,0.015195369
14.15,14.27,805378,1140398592,0.017106201
13.97,13.9,796001,1111677952,-0.025928521
13.75,13.95,851187,1166086144,0.003597122
13.85,13.31,910130,1227756928,-0.045878136
13.04,13.36,1003745,1335649920,0.003756574
13.38,13.59,637271,861222528,0.017215569
13.91,13.33,969945,1317667072,-0.019131714
13.27,13.65,891016,1201910656,0.024006002
13.65,14.05,1284065,1787683456,0.029304029
13.93,13.88,601995,835493696,-0.012099644
13.7,13.34,766394,1023923392,-0.038904899
13.36,13.77,786124,1066581376,0.032233883
13.66,13.64,663390,908592768,-0.009440813
13.51,13.55,449219,610337536,-0.00659824
13.15,13.67,559810,756056192,0.008856089
13.73,14.02,1164721,1635243520,0.025603511
13.99,13.69,696018,959218176,-0.023537803
13.73,13.64,492385,673396096,-0.003652301
13.64,13.75,666636,908028416,0.008064516
13.9,13.62,652870,892922176,-0.009454545
13.48,13.23,669749,895684160,-0.028634361
13.2,13.13,643830,847555584,-0.007558579
13.17,13.14,429623,564098496,0.000761615
13.24,13.15,584814,774042112,0.000761035
13.14,13.18,322708,423753152,0.002281369
13,12.8,734551,945623296,-0.028831563
12.79,12.52,708671,893128704,-0.021875
12.6,13.03,1368748,1751165440,0.040734824
12.78,12.68,647017,822240896,-0.02686109
12.78,12.73,616912,792495680,0.003943218
13,12.84,532637,686034176,0.008641005
12.84,12.86,618917,800668800,0.001557632
12.95,13.36,1173553,1552574464,0.038880249
13.36,13.32,593170,790164864,-0.002994012
13.16,13.29,521247,691918208,-0.002252252
13.2,13.39,585397,783830400,0.007524454
13.4,13.52,761947,1034967168,0.009708738
13.58,13.03,988202,1313718784,-0.036242604
12.99,13.01,544868,707821760,-0.001534919
12.82,12.81,481306,619400704,-0.01537279
12.83,12.91,610832,781190464,0.007806401
12.8,12.78,512746,656375296,-0.010069713
12.78,13.13,642023,831971392,0.027386541
13.07,13.15,431825,566175616,0.001523229
13.33,13.21,562314,748535040,0.004562738
13.28,13.63,1014632,1379341568,0.031794095
13.64,13.91,956178,1327310464,0.02054292
13.71,13.74,588477,806065728,-0.012221423
13.78,13.84,822164,1144078848,0.00727802
13.8,13.56,663641,913372800,-0.020231214
13.49,13.65,479943,648072320,0.006637168
13.54,14.01,869991,1207052800,0.026373626
14,14,1018438,1432244480,-0.000713776
14.03,13.96,537298,750942400,-0.002857143
13.9,14.14,700796,988205696,0.012893983
14.2,14.27,1094989,1565726848,0.009193777
14.3,14.26,439565,624937920,-0.000700771
14.21,14.11,445214,628630528,-0.010518934
14.15,14.47,940686,1350679936,0.02551382
14.47,14.54,843794,1225448576,0.004837595
14.46,14.52,486146,703712448,-0.001375516
14.48,14.79,692891,1019991424,0.018595041
14.85,14.39,589604,863539584,-0.027045301
14.36,14.32,795608,1133420416,-0.004864489
14.32,14.03,942479,1326866432,-0.020251397
14,14.18,682419,960233088,0.010691376
14.13,14.31,698233,996109696,0.009167842
14.3,13.86,759978,1066876416,-0.031446541
13.83,13.88,487900,676781312,0.001443001
13.79,13.57,650338,887318784,-0.022334294
13.59,13.72,794782,1075675136,0.011053795
13.6,13.98,690500,955709248,0.018950437
14,14.01,520809,726753152,0.002145923
14,13.88,674576,944919104,-0.009279086
13.99,14.19,1113001,1575117184,0.022334294
14.17,14.09,942351,1338395136,-0.007047216
14.1,14.2,643472,916453760,0.007806955
14.18,14.07,576896,813426048,-0.00915493
13.99,13.65,749542,1031973312,-0.029850746
13.68,13.58,503847,684959680,-0.005128205
13.6,13.59,339878,462249984,0.000736377
13.65,13.75,683816,939409024,0.011773363
13.66,13.54,742569,1007590720,-0.015272727
13.59,13.59,1013720,1376732032,0.003692762
13.79,13.65,800287,1091209088,0.004415011
13.67,13.64,737800,997589440,-0.000732601
13.68,13.88,950192,1311176832,0.017595308
13.89,13.84,656644,913071104,-0.002881844
13.77,13.56,906975,1230017536,-0.020231214
13.58,13.23,1069618,1425353472,-0.024336283
13.25,13.28,719205,952020160,0.003779289
13.27,13.26,1007276,1328454656,-0.001506024
13.33,13.36,970184,1300524928,0.007541478
13.35,13.12,778447,1023944960,-0.017964072
13.1,12.8,1084952,1396786432,-0.024390244
12.83,12.85,539949,692184512,0.00390625
12.84,12.89,493167,634513856,0.00311284
12.92,12.87,344401,443812288,-0.00155159
12.9,12.84,465509,597506048,-0.002331002
12.83,12.61,732664,926550656,-0.017912773
12.51,12.66,531916,675105024,0.003965107
12.51,12.95,641638,825341952,0.022906793
13.1,13.44,1111731,1481540608,0.037837838
13.5,13.9,1803881,2492974592,0.03422619
13.8,13.84,1059104,1465333632,-0.004316547
13.97,14.49,2120639,3034890496,0.046965318
14.64,14.53,2223435,3300251648,0.002760524
14.5,15.23,3161392,4741765120,0.048176187
15.55,15.28,2395679,3728968960,0.003282994
15.25,15.49,1294700,1974028928,0.013743455
15.61,15.73,2073024,3273085184,0.015493867
15.65,15.14,1723988,2628376064,-0.037507947
15.14,15.02,1141908,1708324096,-0.007926024
15.03,15.17,1444071,2164932352,0.009986684
15.25,14.96,1402741,2117599232,-0.013843111
14.88,14.76,1165057,1737296768,-0.013368984
14.76,14.93,812842,1209347712,0.011517615
14.95,14.57,1226922,1790919552,-0.024112525
14.61,14.81,1323099,1949010688,0.016472203
14.83,14.76,1144298,1692509952,-0.003376097
14.83,15.26,1859612,2826057472,0.033875339
15.22,15.36,1368096,2100416640,0.00655308
15.57,15.44,1049748,1620113024,0.005208333
15.58,15.56,1218281,1902878464,0.007772021
15.54,15.17,1098539,1673300864,-0.025064267
14.95,14.6,1713128,2516790016,-0.03757416
14.65,14.76,1782159,2618828800,0.010958904
14.6,13.99,1717529,2456027392,-0.052168022
14.11,14.22,1023689,1432968576,0.016440315
14.1,13.64,1128298,1559381504,-0.040787623
13.5,13.63,1036118,1412300032,-0.000733138
13.7,13.68,706927,964387456,0.003668379
13.74,13.56,1451352,1941697408,-0.00877193
13.37,13.25,1028933,1371599360,-0.022861357
13.21,13.11,968312,1265792768,-0.010566038
13.12,13.27,880794,1170023552,0.012204424
13.4,13.48,943804,1261055488,0.01582517
13.43,13.26,618014,823861440,-0.016320475
13.23,13.28,535982,712049344,0.001508296
13.28,13.05,830967,1087226752,-0.017319277
13.05,13.13,424708,556394048,0.006130268
13.37,13.21,592507,788287616,0.006092917
13.24,13.2,599573,794595456,-0.000757002
13.26,13.42,1103108,1483600384,0.016666667
13.4,13.45,618260,824896512,0.002235469
13.45,13.24,531734,708736256,-0.015613383
13.19,13,907862,1184751232,-0.018126888
13,13.15,508400,665536768,0.011538462
13.17,13.36,805361,1064964864,0.015969582
13.4,13.28,809197,1078067328,-0.005988024
13.3,13.26,690626,919900480,-0.001506024
13.26,13.16,458213,604194368,-0.007541478
13.17,13.13,391087,512271424,-0.002279635
13.16,12.97,715870,928832896,-0.012185834
12.97,13.3,924756,1216351232,0.025443331
13.31,13.07,588295,776712256,-0.017293233
13.07,13.18,707702,933782272,0.00841622
13.06,13.23,693247,914915648,0.003793627
13.38,13,885934,1170719232,-0.017384732
13.02,12.83,1058951,1372360448,-0.013076923
12.85,12.77,742403,947620928,-0.004676539
12.78,12.68,878236,1110812544,-0.007047768
12.75,12.81,693757,885216768,0.010252366
12.91,13.02,984985,1276763392,0.016393443
12.99,12.97,726261,944910528,-0.003840246
12.98,12.9,636210,823324544,-0.00539707
12.9,13.25,1841778,2440982528,0.027131783
13.24,13.02,894391,1177812992,-0.017358491
12.96,13.19,801786,1050831168,0.013056836
13.17,13.27,719911,950345216,0.006065201
13.28,13.2,595164,786701568,-0.005275057
13.16,13.05,505365,662003456,-0.011363636
12.99,12.71,771566,991616448,-0.02605364
12.73,12.67,539902,684464704,-0.003147128
12.7,12.77,471442,598577856,0.00789266
12.76,12.52,567887,714769664,-0.019577134
12.53,12.71,621912,793177472,0.015175719
12.7,12.58,494382,624077120,-0.010228167
12.63,12.63,522158,660597696,0.003974563
12.67,12.71,237689,301774560,0.006334125
12.6,12.71,707076,891864192,0
12.65,12.59,664065,835307136,-0.009441385
12.59,12.63,484557,611798464,0.003177125
12.65,12.7,402110,509422752,0.005542359
12.67,12.6,588292,745910336,-0.007874016
12.6,12.71,464887,588451392,0.008730159
12.7,12.71,610008,773509568,0
12.72,13.26,1463854,1910514176,0.043273013
13.25,13.19,1085388,1438854656,-0.005279035
13.15,13.12,790423,1031728576,-0.005307051
13.12,13.12,707544,932086592,0
13.13,13.11,558942,732500544,-0.000762195
13,13.08,599964,779859968,-0.00228833
13.1,12.72,1215257,1556214144,-0.027522936
12.72,12.68,543976,689931008,-0.003144654
12.66,12.68,529321,670747776,0
12.71,12.75,490858,626193472,0.005520505
12.79,12.87,695828,892379264,0.009411765
12.91,13.1,1247784,1633085440,0.017871018
13,13.47,2260966,3029627392,0.028244275
13.57,14.03,3993086,5586884096,0.041573868
14.18,14.22,1972610,2789248256,0.013542409
14.32,14.23,1770774,2536417024,0.000703235
14.2,14.3,1124465,1611304448,0.004919185
14.37,14.38,1097433,1588328832,0.005594406
14.32,13.99,1240879,1750290816,-0.027121001
13.92,13.66,1098413,1512829312,-0.023588277
13.6,13.71,657391,897940736,0.003660322
13.6,13.49,1078766,1454392064,-0.016046681
13.54,13.71,755601,1029474176,0.016308377
13.57,13.51,604206,815232320,-0.014587892
13.62,13.41,692494,936462208,-0.007401925
13.48,13.55,554994,752686272,0.01043997
13.6,13.85,857479,1176642560,0.022140221
13.81,14.05,936747,1310343424,0.014440433
14.06,14,567941,793623552,-0.003558719
14.03,14.3,1202711,1719538816,0.021428571
14.35,14.23,1004376,1447242240,-0.004895105
14.2,14.31,1345193,1934315904,0.005621926
14.28,14.28,858224,1232672384,-0.002096436
14.29,14.09,714179,1011476928,-0.013305322
13.98,14.33,986852,1407150720,0.017033357
14.4,14.81,1717625,2530008576,0.033496162
14.8,14.8,1026465,1521323520,-0.000675219
14.78,14.92,677975,1007369152,0.008108108
14.9,14.98,1389549,2099312128,0.004021448
14.93,14.81,707200,1051558720,-0.011348465
14.7,15.32,1115693,1676616832,0.034436192
15.36,15.31,1234364,1902494336,-0.000652742
15.19,15.18,707265,1076534784,-0.008491182
15.06,15.12,625731,944076032,-0.003952569
15.01,14.83,629741,939570368,-0.019179894
14.87,14.66,775333,1138480640,-0.01146325
14.72,14.65,664169,974818176,-0.000682128
14.64,14.65,353298,517354336,0
14.59,14.64,724941,1063584512,-0.000682594
14.69,14.71,746749,1098458496,0.004781421
14.76,14.55,766647,1129952512,-0.010876954
14.63,14.68,818653,1211753344,0.008934708
14.75,14.46,858108,1238689408,-0.014986376
14.49,14.42,311278,449474304,-0.002766252
14.36,14.05,699884,992113984,-0.025658807
14.02,14.1,526121,739726848,0.003558719
14,14.04,530932,746452736,-0.004255319
14.08,14,277515,389755936,-0.002849003
14.05,14.16,297004,419991552,0.011428571
14.18,14.03,241152,339926624,-0.009180791
13.98,13.93,275203,384622464,-0.007127584
13.91,14.06,395276,550546432,0.009332376
13.98,13.88,399140,560148288,-0.012802276
13.88,14.06,386717,541013952,0.0129683
14.01,14.3,456189,651189312,0.017069701
14.33,14.23,298304,426866560,-0.004895105
14.19,14.27,442206,633299264,0.002810963
14.2,13.91,432924,605028224,-0.025227751
13.87,13.83,321634,446632768,-0.005751258
13.81,13.59,328069,450232864,-0.017353579
13.71,13.59,264860,361555072,0
13.64,13.79,563673,774696000,0.014716703
13.81,13.91,557298,768496384,0.008701958
13.85,13.8,389733,539979456,-0.00790798
13.69,13.27,1220617,1624942208,-0.038405797
13.28,13.38,316113,420003072,0.008289375
13.32,13.42,223114,298550848,0.002989537
13.43,13.23,675818,886466816,-0.014157973
13.18,12.96,428467,559478784,-0.020408163
12.78,12.78,386303,491407552,-0.013888889
12.72,12.83,252781,323139872,0.003912363
12.85,12.9,421844,546605056,0.005455963
12.9,12.84,232844,299419264,-0.004651163
12.81,12.73,233805,298141664,-0.008566978
12.74,12.73,278803,356450176,0
12.78,12.8,262220,335005376,0.005498822
12.85,12.93,350879,453801024,0.01015625
12.98,12.96,272378,353638976,0.002320186
12.95,13.13,350415,454936896,0.013117284
13.07,13.37,868115,1156433152,0.018278751
13.45,13.27,461977,614574592,-0.007479432
13.31,13.16,532206,696880320,-0.008289375
13.16,12.92,797399,1032977088,-0.018237082
12.96,13.02,740718,965357056,0.007739938
13.06,12.92,872985,1127688448,-0.007680492
12.99,13.39,964560,1273450112,0.036377709
13.39,13.28,568761,758447104,-0.008215086
13.28,13.17,529949,695769024,-0.008283133
13.36,13.23,1147181,1530107264,0.004555809
13.29,13.41,591392,790712384,0.013605442
13.34,13.22,578819,765076672,-0.014168531
13.11,12.96,680647,882644544,-0.019667171
13,13.08,531378,692721408,0.009259259
13.08,13,719121,933187328,-0.006116208
12.92,13.01,411041,534507776,0.000769231
13.01,12.98,490882,638579392,-0.002305919
12.89,12.8,774692,993779456,-0.013867488
12.89,12.74,648597,828288768,-0.0046875
12.76,12.63,819324,1036559232,-0.008634223
12.66,12.64,576358,726367616,0.000791766
12.55,12.33,862365,1071213056,-0.024525316
12.35,12.35,506577,626321664,0.00162206
12.31,12.26,726124,889699840,-0.007287449
12.2,12.05,754891,912401728,-0.017128874
12.08,12.35,867509,1063529536,0.024896266
12.29,12.24,406049,498769408,-0.008906883
12.15,12.19,323371,391831808,-0.004084967
12.12,12.17,322290,393209600,-0.001640689
12.25,12.13,483332,589377536,-0.003286771
11.93,11.77,992454,1174633472,-0.029678483
11.69,11.43,942671,1084623232,-0.028887001
11.2,11.51,1015357,1149224832,0.006999125
11.73,11.52,630888,734433344,0.00086881
11.35,11.67,607418,704693504,0.013020833
11.76,11.62,547531,638384000,-0.00428449
11.66,11.99,947090,1119030656,0.031841652
11.98,11.95,689124,829459584,-0.003336113
11.99,11.92,363531,434332832,-0.00251046
11.92,11.63,326812,385913760,-0.024328859
11.48,11.5,365948,421094240,-0.011177988
11.49,11.56,364861,421945760,0.005217391
11.59,11.77,341874,399552768,0.01816609
11.83,11.64,320987,378951968,-0.01104503
11.72,12.17,1272376,1533060352,0.045532646
12.07,12.12,407159,492170080,-0.004108463
11.96,11.77,722552,850133376,-0.028877888
11.81,11.79,587970,699691520,0.001699235
11.82,11.85,368139,436809536,0.005089059
11.86,12.02,517210,620439680,0.014345992
11.99,11.91,317001,377145824,-0.009151414
11.8,11.7,367527,431142240,-0.017632242
11.57,11.6,418009,484724384,-0.008547009
11.65,11.83,398188,469015200,0.019827586
11.9,11.81,280113,332240896,-0.001690617
11.68,11.65,325408,379196416,-0.013547841
11.7,11.61,333199,386832032,-0.003433476
11.65,11.59,263752,307732288,-0.001722653
11.7,11.66,354281,413632576,0.006039689
11.57,11.43,301388,345454272,-0.019725557
11.49,11.44,205009,234604576,0.000874891
11.45,11.69,472943,550827520,0.021853147
11.6,11.33,540840,619022144,-0.030795552
11.21,11.21,563061,629316352,-0.01059135
11.14,10.9,540699,596926400,-0.02765388
10.99,11.05,422848,465927392,0.013761468
11.1,10.97,249222,275447808,-0.007239819
10.9,11.04,437315,480333248,0.006381039
11.04,11.06,510054,568221952,0.001811594
11.06,10.99,265330,292021376,-0.006329114
11.37,11.19,724606,818837120,0.018198362
11.11,11.57,827987,952485504,0.033958892
11.56,11.62,536819,621393792,0.004321521
11.58,11.68,470115,545351872,0.005163511
11.69,11.88,632497,750162944,0.017123288
11.77,11.57,408505,476284160,-0.026094276
11.61,11.64,272123,316792192,0.00605013
11.55,11.51,433477,499537952,-0.011168385
11.55,11.65,422968,492704000,0.012163336
11.71,12.05,801774,955623040,0.034334764
12.03,12.13,862418,1038634752,0.006639004
12.08,12.03,741191,896344576,-0.008244023
12.11,12.14,440899,535015392,0.009143807
12.3,12.34,919807,1140038016,0.016474465
12.31,12.1,509136,618593536,-0.019448947
12.03,12.15,532560,651811584,0.004132231
12,12.38,472615,576343296,0.018930041
12.45,12.19,596359,731536448,-0.015347334
12.35,12.26,372790,457164448,0.005742412
12.25,12.08,268392,325681248,-0.014681892
12.05,12.11,302816,366721312,0.002483444
12.15,12.2,279113,338819584,0.007431874
12.08,11.96,406784,488989728,-0.019672131
11.95,11.88,302714,360964864,-0.006688963
11.98,12.06,316948,381405952,0.015151515
12.05,11.96,233296,279112576,-0.008291874
11.93,11.64,562293,659454208,-0.026755853
11.64,11.56,338396,392361664,-0.006872852
11.51,11.43,355690,408315712,-0.011245675
11.44,11.42,208787,237493152,-0.000874891
11.38,11.55,285856,328534176,0.011383538
11.57,11.49,276104,316909600,-0.005194805
11.4,11.58,326396,377008704,0.007832898
11.6,11.48,207538,238738592,-0.008635579
11.52,11.46,250952,288372192,-0.00174216
11.53,11.56,257372,296483392,0.008726003
11.5,11.21,362086,410497600,-0.030276817
11.6,11.65,996295,1166590336,0.039250669
11.58,11.74,382062,446493088,0.007725322
11.76,11.87,519484,615599552,0.011073254
11.85,11.76,341660,404861216,-0.00926706
11.78,11.89,443839,527973504,0.011054422
11.92,11.9,402483,480143968,0.000841043
11.8,11.9,357827,426101024,0
11.9,11.98,320761,383094912,0.006722689
11.96,11.66,510588,602149248,-0.026711185
11.65,11.68,304081,356305056,0.001715266
11.65,11.41,433567,502325984,-0.023116438
11.4,11.62,457068,525062400,0.018404908
11.48,11.65,384583,440755776,0.002581756
11.62,11.63,418192,491358976,-0.001716738
11.75,11.59,396984,468446048,-0.003439381
11.6,11.7,412914,479151488,0.00949094
11.68,11.69,352679,413821888,-0.000854701
11.6,11.67,266455,311157312,-0.001710864
11.67,11.69,322557,377531968,0.001713796
11.67,11.55,470142,544702208,-0.011976048
11.53,11.66,319010,369450304,0.00952381
11.71,11.87,428774,509489824,0.018010292
11.95,11.67,522606,620703168,-0.0168492
11.7,11.91,840847,1006814656,0.020565553
11.93,11.99,540381,646295168,0.006717045
11.98,12.38,960020,1181631360,0.032527106
12.38,12.56,892046,1114071680,0.01453958
12.56,12.49,387870,484750528,-0.005573248
12.47,12.62,414193,522004928,0.010408327
12.59,12.49,481551,603520192,-0.010301109
12.47,12.39,335932,418936960,-0.008006405
12.45,12.78,809514,1012433216,0.031476998
12.7,12.52,614436,772296704,-0.020344288
12.52,12.7,650603,826982912,0.014376997
12.79,13,740547,954641024,0.023622047
12.99,12.7,523784,671158272,-0.023076923
12.7,12.65,305357,386591232,-0.003937008
12.64,12.47,401286,502870464,-0.014229249
12.51,12.87,586515,744135936,0.032076985
12.83,12.98,651389,845123328,0.008547009
12.99,12.86,560546,721459200,-0.009244992
12.77,12.73,335471,427096288,-0.010108865
12.7,12.99,437963,565073280,0.020424195
12.98,12.99,433800,562029568,0
12.92,12.89,505387,652053632,-0.007698229
12.7,12.69,570350,726978944,-0.015515904
12.68,12.66,447282,564126720,-0.002364066
12.61,12.68,484765,615152832,0.001579779
12.7,12.64,485740,615539008,-0.003154574
12.77,12.71,273999,348684576,0.005537975
12.94,12.69,496547,635441472,-0.001573564
12.71,12.75,389364,496018016,0.004728132
12.8,12.78,655859,833270400,0.002352941
12.78,12.71,655993,833923584,-0.005477308
12.71,12.88,896624,1143936256,0.013375295
12.9,12.82,880343,1135169280,-0.004658385
12.85,12.94,930610,1203983360,0.009360374
12.93,12.87,520173,671363072,-0.005409583
12.85,12.91,282755,365423552,0.003108003
12.91,13.04,607135,788822656,0.010069713
13.02,12.87,712042,922752704,-0.01303681
12.85,12.58,778475,985947648,-0.022533023
12.51,12.41,544366,680404608,-0.013513514
12.46,12.46,513485,640558272,0.004029009
12.51,12.51,503862,629237248,0.004012841
12.48,12.35,708697,875848128,-0.012789768
12.35,12.47,467245,581687616,0.009716599
12.56,12.31,955936,1191708544,-0.012830794
12.32,12.22,574768,709688448,-0.007311129
12.25,12.22,549694,669730880,0
12.22,12.13,543673,659192768,-0.007364975
12.1,12.02,544587,655607040,-0.009068425
12.09,12,445450,534595712,-0.001663894
12,12.05,362925,437511552,0.004166667
12.01,12.05,319586,384506336,0
12.07,12.09,413472,500165888,0.003319502
12.12,12.03,287245,346579584,-0.004962779
12.04,11.8,420697,501731392,-0.019118869
11.81,11.82,513083,608219840,0.001694915
11.82,11.9,391879,465360704,0.00676819
11.85,11.84,574059,676641024,-0.005042017
11.83,11.81,464684,546424000,-0.002533784
11.74,11.68,250746,293312096,-0.011007621
11.7,11.83,292507,343351776,0.012842466
11.75,11.77,415592,489513056,-0.005071851
11.78,12.01,647526,768293184,0.020390824
12.01,12,459101,551302528,-0.000832639
11.96,11.92,254714,304097728,-0.006666667
11.9,11.85,223834,265972784,-0.005872483
11.89,12.01,458998,549010560,0.01350211
12,11.96,456912,546431744,-0.004163197
11.93,12.19,921905,1117374080,0.019230769
12.19,12.1,386608,469866496,-0.007383101
12.1,12.3,951105,1172356352,0.016528926
12.27,12.27,515129,633930880,-0.002439024
12.31,12.22,364000,445601888,-0.00407498
12.29,12.2,354139,432485760,-0.001636661
12.35,12.4,716514,887759040,0.016393443
12.41,12.35,459989,567916032,-0.004032258
12.35,12.41,620548,766768128,0.0048583
12.31,12.42,643771,795713536,0.000805802
12.4,12.37,624079,772462400,-0.004025765
12.29,12.12,766858,933525568,-0.020210186
12.19,12.11,517520,625641728,-0.000825083
12.07,12.02,353954,427334208,-0.007431874
12.13,11.89,672027,804800576,-0.010815308
11.85,11.84,552554,653203840,-0.004205214
11.82,11.67,647465,758737344,-0.014358108
11.7,11.79,424669,498658784,0.010282776
11.72,11.56,684838,794050304,-0.019508058
11.58,11.64,468628,544058560,0.006920415
11.68,11.81,411730,484634944,0.014604811
11.79,11.74,382231,449537344,-0.00592718
11.73,11.63,466528,547128960,-0.009369676
11.65,11.61,302311,350720896,-0.00171969
11.62,11.67,591272,686073344,0.005167959
11.66,11.78,613870,718537024,0.009425878
11.55,11.66,745544,865981376,-0.010186757
11.7,11.67,596868,696135360,0.000857633
11.57,11.4,773987,887681088,-0.023136247
11.43,11.54,628114,722339072,0.012280702
11.55,11.68,689702,803030016,0.012131716
11.42,11.25,486972,550110912,-0.036815068
11.18,10.92,1066583,1167267840,-0.029333333
10.93,10.95,345518,377823776,0.002747253
10.92,10.81,472236,510228256,-0.012785388
10.85,10.89,380132,413336544,0.007400555
10.85,10.86,436199,472733952,-0.002754821
10.87,11.05,502976,554896384,0.017495396
11.15,11.05,263050,291047328,0
11.04,10.99,334002,368734240,-0.005429864
11.04,11.03,272689,301067904,0.003639672
11.03,10.9,237500,259603760,-0.011786038
10.89,10.99,544254,598573056,0.008256881
10.97,10.99,447249,491873024,0
10.96,10.89,294397,321260672,-0.009099181
10.91,10.82,338365,368182336,-0.006427916
10.83,10.92,381260,414959840,0.009242144
10.96,10.85,354350,384038144,-0.006410256
10.85,10.89,316079,344822240,0.003686636
10.93,10.93,257272,281476896,0.003673095
10.91,10.85,295031,320276256,-0.007319305
10.61,10.57,1218602,1284039808,-0.025806452
10.52,10.15,1347895,1380906496,-0.039735099
10.14,10.16,478696,485118752,0.000985222
10.15,10.06,504515,507063584,-0.00984252
10.06,10.09,810436,809607552,0.002982107
10.07,10.17,462063,468712544,0.007928642
10.19,10.08,458612,465617632,-0.008849558
10.08,10.17,291340,295683232,0.008928571
10.18,10.11,344292,346515680,-0.005899705
10.11,10.1,445058,449753600,-0.00098912
10.09,9.99,486343,486155936,-0.010891089
9.94,9.69,787087,763923584,-0.03003003
9.64,9.59,597621,574182464,-0.010319917
9.57,9.58,291418,279943232,-0.001042753
9.59,9.59,296958,285606208,0.001043841
9.62,9.75,531760,518372384,0.016684046
9.8,9.81,416893,409827968,0.006153846
9.85,9.92,415971,412950976,0.011213048
9.92,9.97,478662,475037536,0.005040323
9.96,10.01,410413,410615264,0.004012036
10.02,10,252743,252693200,-0.000999001
10,10.01,309871,310238144,0.001
10.01,10,240085,240145152,-0.000999001
10.01,10.07,287360,289243520,0.007
10.1,10.08,194738,195833152,0.000993049
10.1,10.17,270654,275363360,0.008928571
10.14,10.15,387153,393494016,-0.001966568
10.17,10.17,315532,321051648,0.001970443
10.17,9.94,394704,394577952,-0.022615536
9.89,9.92,192719,190896624,-0.002012072
9.92,10.02,223241,223357072,0.010080645
9.93,9.88,250975,247692960,-0.013972056
9.89,9.81,364392,358531808,-0.00708502
9.83,9.89,333244,328191872,0.008154944
9.9,9.94,367704,365020416,0.005055612
9.88,9.92,328830,327024448,-0.002012072
9.91,9.86,295246,291275744,-0.006048387
9.84,10.01,331015,329951808,0.015212982
10,10.02,258362,258866512,0.000999001
9.9,10.13,406294,410070208,0.010978044
10.13,10.08,292871,297407360,-0.004935834
10.06,10.01,373294,374981792,-0.006944444
10.01,9.84,439051,434354560,-0.016983017
9.84,9.71,627544,606649280,-0.013211382
9.67,9.73,393913,381180128,0.002059732
9.76,10.16,945809,948096896,0.044193217
10.13,10.1,532682,537083136,-0.005905512
10.08,10.12,344486,346408416,0.001980198
10.15,10.12,333665,338007616,0
10.11,10.12,426358,431742848,0
10.15,10.25,571922,585483264,0.01284585
10.25,10.13,471850,480998592,-0.011707317
10.1,9.99,304124,305847744,-0.013820336
9.98,9.87,365860,362159936,-0.012012012
9.87,9.74,315229,309091392,-0.013171226
9.74,9.81,333795,327072224,0.007186858
9.75,9.86,338537,331137632,0.00509684
9.86,9.87,184791,181896720,0.001014199
9.86,9.75,325143,319732160,-0.012158055
9.8,10.08,505059,505686112,0.033846154
10.01,10.16,389231,392264608,0.007936508
10.15,10.17,330084,337697952,0.000984252
10.28,10.29,432624,446295744,0.01179941
10.29,10.21,233613,238821184,-0.007774538
10.19,10.2,241394,245864848,-0.000979432
10.25,10.36,400727,414289792,0.015686275
10.37,10.31,160064,164776432,-0.004826255
10.29,10.31,229843,236742800,0
10.32,10.36,295654,305863200,0.004849661
10.43,10.49,375427,393179680,0.012548263
10.5,10.44,238650,249625616,-0.004766444
10.37,10.51,287582,301265376,0.006704981
10.51,10.45,268949,283013792,-0.005708849
10.4,10.46,216249,226046400,0.000956938
10.43,10.37,195558,203931728,-0.008604207
10.37,10.28,246694,253283840,-0.008678881
10.25,10.12,223865,227127312,-0.015564202
10.13,10.07,308361,310546560,-0.004940711
10.05,10.08,209975,211535312,0.000993049
10.08,10.3,420589,432036384,0.021825397
10.28,10.37,284513,293882464,0.006796117
10.37,10.42,262622,273345088,0.004821601
10.43,10.38,256169,264401792,-0.003838772
10.38,10.34,165173,170413968,-0.003853565
10.28,10.18,183808,188188304,-0.015473888
10.17,10.21,210435,214755728,0.002946955
10.25,10.26,253174,259350032,0.00489716
10.26,10.06,196447,198705312,-0.019493177
10.06,10.08,159399,160559552,0.001988072
10.05,10.02,150957,151500496,-0.005952381
10,9.96,215613,214485152,-0.005988024
9.96,9.92,173152,171846496,-0.004016064
9.95,9.83,215420,212747664,-0.009072581
9.83,9.93,222344,219330192,0.01017294
9.9,9.9,154711,153066800,-0.003021148
9.94,10.03,283828,283347360,0.013131313
9.98,9.99,186152,185783024,-0.003988036
9.97,9.97,313312,313271104,-0.002002002
9.97,9.97,281760,281582432,0
9.99,9.98,182131,182095456,0.001003009
9.98,10.02,312791,312092096,0.004008016
10.01,9.91,350315,347109888,-0.010978044
9.91,9.98,239334,238259792,0.007063572
10,10.41,1082188,1117951104,0.043086172
10.4,10.45,658438,689223040,0.003842459
10.46,10.8,1119335,1198461184,0.033492823
10.85,10.97,1190133,1301157120,0.015740741
10.97,10.99,701450,770027840,0.001823154
10.99,11.05,677269,751240832,0.005459509
11.03,10.87,555841,609383936,-0.016289593
10.93,11.7,1650040,1884483328,0.076356946
11.75,11.71,1143676,1345018112,0.000854701
11.68,11.85,1233800,1469876864,0.011955594
11.85,11.88,953511,1140126080,0.002531646
11.8,12,828844,988481664,0.01010101
12.02,11.9,762214,913082880,-0.008333333
11.95,12.26,1095656,1345537408,0.030252101
12.22,12.77,1329924,1679327744,0.041598695
12.76,12.79,878177,1127460736,0.001566171
12.85,12.61,862798,1106929152,-0.014073495
12.63,12.96,849174,1091049728,0.027755749
12.96,13.75,1537120,2060790784,0.06095679
13.82,13.53,1500336,2039552896,-0.016
13.5,13.6,994695,1349911808,0.005173688
13.65,13.59,1033356,1404489472,-0.000735294
13.46,13.5,965591,1302109184,-0.006622517
13.5,13.54,892694,1212029440,0.002962963
13.53,13.28,920401,1237367168,-0.019202363
13.17,13.84,1578659,2160111360,0.042168675
13.8,13.79,1067200,1469440896,-0.003612717
13.75,13.52,902999,1231280256,-0.019579405
13.53,13.22,1170498,1558604672,-0.022189349
13.36,13.37,1108088,1480397184,0.011346445
13.42,13.57,1148860,1552341632,0.014958863
13.57,14,1757535,2425268480,0.031687546
13.9,14,894901,1246132608,0
14,13.67,1964852,2756418048,-0.023571429
13.74,13.47,905871,1229494784,-0.014630578
13.5,14.18,1517059,2131062272,0.052709725
14.19,14.6,1906256,2746660096,0.029619182
14.61,14.38,1278144,1836901376,-0.015068493
14.43,14.3,1162647,1653013120,-0.005563282
14.2,14.78,1689317,2451809536,0.033566434
14.77,14.57,1659690,2448320768,-0.01420839
14.4,14.4,1214498,1743222912,-0.011667811
14.4,14.37,935290,1337984896,-0.002083333
14.37,14.14,1628178,2287383296,-0.016005567
14.08,14.04,939297,1319909376,-0.007072136
14.13,13.95,864394,1215568512,-0.006410256
13.92,13.83,802575,1115544704,-0.008602151
13.86,13.84,1108236,1509286656,0.000723066
13.66,13.38,1306216,1735828992,-0.033236994
13.35,13.07,813600,1071160064,-0.023168909
13.15,13.04,709805,929263424,-0.002295333
12.89,12.71,2254254,2929255168,-0.025306748
12.76,12.84,1441150,1843217536,0.010228167
12.9,13.3,1696862,2213328384,0.035825545
13.3,13.07,1279527,1676102144,-0.017293233
12.85,12.27,1747873,2202215936,-0.061208875
12.33,13.36,2174891,2799557376,0.088834556
13.37,13.45,1529534,2050199168,0.006736527
13.37,13.11,888190,1171202304,-0.02527881
13.15,13.33,929944,1230262784,0.016781083
13.21,13.12,483437,634664576,-0.015753938
13.12,12.9,696099,906390208,-0.016768293
12.9,12.67,659828,843335552,-0.017829457
12.64,12.67,475698,603558016,0
12.68,12.57,1361573,1735409920,-0.00789266
12.48,12.48,659537,827700032,-0.007159905
12.45,12.6,547396,686425600,0.009615385
12.63,13.14,1343233,1745000320,0.042857143
13.14,13.13,645564,848701312,-0.000761035
13.19,13.13,441087,579895296,0
13.2,12.98,559001,730187072,-0.011424219
12.9,12.69,619026,786734080,-0.022342065
12.66,12.77,457293,584254912,0.006304177
12.4,12.13,1266172,1535552256,-0.050117463
12.19,12.63,1023329,1272875648,0.041220115
12.49,12.4,412777,513973440,-0.01821061
12.48,12.56,557654,700652096,0.012903226
12.6,12.79,632909,808928704,0.018312102
12.44,12.61,517540,650242816,-0.014073495
12.69,12.59,483413,611102720,-0.001586043
12.58,12.44,302955,377830464,-0.011914218
12.56,12.39,334315,416800096,-0.004019293
12.39,12.28,287104,354460000,-0.008878128
12.3,12.25,333253,408924576,-0.002442997
12.2,12.35,555975,681018176,0.008163265
12.33,12.16,431829,525913408,-0.015384615
12.05,12.16,575678,697392896,0
12.21,12.62,1596852,1988992512,0.037828947
12.53,12.59,590329,742446976,-0.002377179
12.65,12.14,857827,1047585600,-0.035742653
12.15,12.3,500285,612410048,0.013179572
12.24,12.22,496544,605731456,-0.006504065
12.28,12.15,330183,403023200,-0.005728314
12.1,12.1,469734,565173888,-0.004115226
12.16,12.35,689565,855915328,0.020661157
12.4,12.53,502706,630075264,0.014574899
12.47,12.49,367890,458536448,-0.003192338
12.48,12.5,545536,683945984,0.000800641
12.54,12.33,446522,553251648,-0.0136
12.4,12.75,976041,1232382720,0.03406326
12.74,13.19,1745151,2271013376,0.034509804
13.18,13.33,1527861,2025053952,0.010614102
13.32,13.59,1096631,1476330880,0.019504876
13.55,13.87,1517669,2083974656,0.020603385
13.87,13.86,1016193,1401815040,-0.000720981
13.86,13.86,1245788,1728294016,0
13.8,13.57,1069058,1454002688,-0.020923521
13.58,13.99,1404501,1939563904,0.030950626
13.9,13.52,1043927,1430513408,-0.033595425
13.57,13.51,554989,752285760,-0.000739645
13.48,13.39,499646,671859968,-0.008882309
13.35,13.76,851492,1153115648,0.027632562
13.79,13.61,596227,819883072,-0.010901163
13.58,13.58,468262,635522368,-0.002204262
13.59,13.58,456585,624284288,0
13.58,13.77,701405,965797120,0.013991163
13.74,13.75,780899,1073577728,-0.001452433
13.75,13.36,618171,832117504,-0.028363636
13.34,13.18,671560,881621888,-0.013473054
13.18,13.17,680486,898343424,-0.000758725
12.4,12.32,810353,978996608,-0.064540623
12.25,12.21,580367,708580352,-0.008928571
12.23,12.1,313887,382560896,-0.009009009
12.14,12.2,344910,422338624,0.008264463
12.2,11.98,398400,478168032,-0.018032787
11.96,11.47,632956,736010496,-0.042570952
11.3,11.71,703208,813131648,0.02092415
11.63,10.93,1181471,1301685376,-0.066609735
10.8,10.92,1280407,1368236800,-0.000914913
11.03,10.66,938929,1006917504,-0.023809524
10.74,10.92,722900,783616960,0.024390244
10.92,11.6,1168721,1327338624,0.062271062
11.5,11.38,484821,551215424,-0.018965517
11.38,11.21,639066,714282176,-0.014938489
11.18,11.35,605196,675330176,0.012488849
11.26,11.24,530585,599276032,-0.00969163
11.25,11.27,375915,423780576,0.002669039
11.15,11.03,464951,514504512,-0.021295475
11.02,11.16,494189,548827328,0.011786038
11.2,11.32,414298,463874272,0.014336918
11.35,12.15,1605217,1916691200,0.073321555
12,11.62,901119,1063540480,-0.043621399
11.74,11.65,674696,789286784,0.002581756
11.64,11.63,618612,712310016,-0.001716738
11.6,11.4,526248,605064960,-0.01977644
11.36,11.18,535603,599859968,-0.019298246
11.2,10.92,558328,617765440,-0.023255814
10.7,10.85,568044,610322304,-0.006410256
10.92,11.06,552014,613854016,0.019354839
10.85,10.9,649577,703058432,-0.014466546
10.94,10.83,414720,450453984,-0.006422018
10.8,10.74,305765,328006272,-0.008310249
10.6,10.49,466253,488458880,-0.023277467
10.58,10.68,490213,521396800,0.018112488
10.8,10.6,339730,363813600,-0.007490637
10.69,10.87,470899,508365088,0.025471698
10.93,10.81,360885,394147520,-0.005519779
10.82,10.85,290815,313861664,0.003700278
10.78,10.76,400976,431419264,-0.008294931
10.76,10.72,380694,411065824,-0.003717472
10.7,10.75,426517,460570976,0.002798507
10.84,10.69,422536,452598144,-0.005581395
10.8,11.05,819750,896354816,0.033676333
11.05,11.15,650072,723604736,0.009049774
11.18,11.15,544141,610890304,0
11.15,11.04,395856,442036384,-0.009865471
11.01,10.99,1513499,1708117888,-0.004528986
10.86,11.12,680192,749488384,0.011828935
11.09,11.03,815439,910438144,-0.008093525
11.11,10.93,394809,432670080,-0.009066183
10.9,10.91,465750,512270688,-0.001829826
10.9,10.56,1181590,1255450624,-0.03208066
10.51,10.7,1322501,1391616256,0.013257576
10.6,10.66,1035255,1096806144,-0.003738318
10.7,10.66,1179015,1260903552,0
10.63,10.89,811622,872375296,0.021575985
11.05,11.58,2266910,2589324288,0.063360882
11.58,11.63,1388183,1611118464,0.004317789
11.61,11.62,1362344,1589758720,-0.000859845
11.61,11.91,1926315,2285150976,0.024956971
11.86,11.82,1148430,1360865408,-0.007556675
11.98,11.65,1058564,1237443712,-0.014382403
11.75,11.19,1106656,1258523648,-0.039484979
11.25,11.15,672936,757308672,-0.00357462
11.21,11.19,798017,893657024,0.003587444
11.2,10.88,827974,905216768,-0.027703307
10.88,10.84,659758,719786112,-0.003676471
10.82,10.76,608278,650682176,-0.007380074
10.73,10.8,349028,375127104,0.003717472
10.88,10.92,425351,464022336,0.011111111
10.93,10.91,497398,540080448,-0.000915751
10.9,10.96,497034,544836800,0.004582951
10.96,10.78,500149,541470720,-0.016423358
10.89,10.94,745395,814697856,0.014842301
10.95,10.8,621652,674276672,-0.012797075
10.83,10.73,575931,619820032,-0.006481481
10.73,10.73,512542,550416960,0
10.78,10.6,454982,486115168,-0.012115564
10.63,10.63,324176,345615776,0.002830189
10.63,10.76,480947,513801824,0.012229539
10.74,10.63,415171,442237056,-0.012081784
10.68,10.68,644994,693735296,0.004703669
10.68,10.63,529028,563986304,-0.004681648
10.6,10.61,647079,690208832,-0.001881468
10.62,10.62,295123,312652832,0.000942507
10.64,10.85,1385309,1502964736,0.02165725
10.9,10.91,787342,855045312,0.005529954
10.91,10.74,697792,754370304,-0.015582035
10.87,10.91,685405,746239936,0.015828678
10.99,10.8,406418,442218784,-0.010082493
10.79,10.75,641124,685035392,-0.00462963
10.67,10.62,492101,524440992,-0.012093023
10.62,10.7,381163,406577728,0.007532957
10.68,10.58,433053,461067456,-0.011214953
10.6,10.53,429034,453035072,-0.004725898
10.58,10.68,589612,625010624,0.014245014
10.59,10.33,857726,892881152,-0.032771536
10.4,10.26,497759,512375168,-0.006776379
10.31,10.35,776159,808827136,0.00877193
10.44,11.34,2735361,2978025984,0.095652174
11.3,11.02,1407927,1563731712,-0.028218695
11.11,10.95,916080,1006411264,-0.006352087
10.9,10.97,1019489,1107262464,0.001826484
10.98,10.98,997510,1093041280,0.000911577
10.95,10.82,554200,606068160,-0.014571949
10.84,10.83,451848,489637504,0.000924214
10.84,10.86,729021,793518336,0.002770083
10.89,10.93,715085,784421760,0.006445672
10.99,10.91,481439,526013152,-0.001829826
10.9,11.14,1307318,1448882944,0.021081577
11.1,11.1,588633,652339456,-0.003590664
11.07,11.13,832132,928299392,0.002702703
11.13,11.04,626448,691618304,-0.008086253
11,10.98,613695,670861184,-0.005434783
10.98,10.9,509283,556052352,-0.007285974
11.1,11.09,1016026,1124642432,0.017431193
11.11,11.02,1105488,1225071488,-0.006311993
11,10.92,799246,883957376,-0.00907441
10.76,10.7,974083,1045591552,-0.02014652
10.71,10.62,870157,932522240,-0.007476636
10.65,10.63,578849,617628992,0.00094162
10.63,10.79,747026,803345536,0.01505174
10.84,10.7,657038,707572736,-0.008341057
10.73,10.33,1033165,1084806784,-0.034579439
10.41,10.27,781425,808123264,-0.005808325
10.35,10.17,919320,942523776,-0.009737098
10.21,10.31,942767,958772224,0.013765978
10.29,10.15,514175,524651648,-0.015518914
10.21,10.31,705655,727168128,0.015763547
10.37,10.6,1041800,1085120256,0.028128031
10.47,10.89,2965470,3237763072,0.027358491
10.84,10.73,532565,571763456,-0.014692378
10.65,10.51,585298,615117120,-0.020503262
10.5,10.46,653970,680128064,-0.004757374
10.33,10.52,542564,566113088,0.005736138
10.52,10.63,492937,522881088,0.010456274
10.61,10.7,482234,515210304,0.006585136
10.69,10.8,629141,676364224,0.009345794
10.82,10.88,779716,848646208,0.007407407
10.85,10.75,448679,482287744,-0.011948529
10.72,10.59,355734,377633056,-0.014883721
10.59,10.55,275924,291872544,-0.003777148
10.53,10.57,518745,543888512,0.001895735
10.51,10.47,275379,289251392,-0.009460738
10.54,10.53,251592,266298800,0.005730659
10.56,10.7,501237,533545792,0.016144349
10.67,10.52,386341,408076160,-0.01682243
10.48,10.43,522642,546511680,-0.008555133
10.4,10.33,470787,486900288,-0.009587728
10.35,10.44,397578,414104448,0.010648596
10.48,10.51,285382,299746176,0.006704981
10.49,10.36,265393,275494784,-0.014272122
10.3,10.33,320835,329823168,-0.002895753
10.37,10.43,542959,564956992,0.009680542
10.4,10.57,1084734,1144880512,0.013422819
10.57,10.51,538028,566714752,-0.005676443
10.47,10.53,971381,1027621760,0.00190295
10.53,10.52,422660,443898432,-0.000949668
10.6,10.51,619648,652124672,-0.00095057
10.51,10.32,719372,746349568,-0.018078021
10.32,10.51,1095953,1143138304,0.018410853
10.51,10.35,666546,697343040,-0.015223597
10.35,10.32,514326,531421696,-0.002898551
10.27,10.08,844298,854470080,-0.023255814
10.1,9.94,843107,845056320,-0.013888889
9.9,10.02,423551,422574592,0.00804829
10.04,10.02,641573,640432192,0
10,9.93,627760,623305280,-0.008982036
9.86,9.82,783099,768373312,-0.011077543
9.8,9.75,748679,727027904,-0.00712831
9.77,9.63,579111,560459200,-0.012307692
9.62,9.73,549304,532547456,0.010384216
9.73,9.68,548203,533628736,-0.005138746
9.61,9.47,709131,675011712,-0.021694215
9.47,9.49,413460,391277504,0.002111932
9.46,9.61,586955,560385920,0.012644889
9.64,9.67,700618,680872320,0.006243496
9.64,9.56,577446,551561344,-0.011375388
9.63,9.59,352787,338292928,0.003138075
9.58,9.59,448027,430280096,0
9.56,9.55,305360,290635360,-0.004171011
9.55,9.46,363313,346938432,-0.009424084
9.46,9.84,1143720,1111471744,0.040169133
9.85,9.84,798451,784583232,0
9.84,9.79,419015,410810464,-0.005081301
9.82,9.8,336327,329655904,0.00102145
9.8,9.79,728402,714877696,-0.001020408
9.79,9.86,675624,665062144,0.007150153
9.85,9.82,539221,529273312,-0.004056795
9.81,9.88,405535,400451168,0.00610998
9.88,9.97,469731,466611136,0.009109312
10,9.88,376115,374082272,-0.009027081
9.84,9.95,289837,286708992,0.00708502
9.95,10.24,1256475,1279344640,0.029145729
10.23,10.18,495462,505351296,-0.005859375
10.2,10.41,1257410,1303872128,0.02259332
10.4,10.39,837005,867866624,-0.00192123
10.39,10.31,445361,459224768,-0.007699711
10.25,10.06,558988,565140288,-0.024248303
10.05,10.11,323000,326676288,0.004970179
10.15,10.09,249855,252693872,-0.001978239
10.03,10.01,449419,449241248,-0.007928642
9.96,9.84,452251,449874816,-0.016983017
9.84,9.94,397713,393671392,0.010162602
9.93,9.93,396645,395213888,-0.001006036
9.97,9.99,415197,416229408,0.006042296
10.08,10.07,728270,738460800,0.008008008
10.14,10.06,577432,580640128,-0.000993049
10.08,10.11,559274,562876288,0.004970179
10.12,10.03,384652,386563168,-0.007912957
10,9.94,560113,554555904,-0.008973081
9.92,9.87,249922,247781584,-0.007042254
9.87,9.86,331782,327641184,-0.001013171
9.86,9.89,347424,344841536,0.003042596
9.93,9.91,289614,287586112,0.002022245
9.96,10.03,465851,466818880,0.012108981
10.03,9.99,240246,240029856,-0.003988036
10,9.99,284904,285183168,0
9.99,9.98,263204,263260416,-0.001001001
10.03,10.03,380201,381636832,0.00501002
10,9.86,509745,503707200,-0.016949153
9.87,9.88,254930,251840080,0.002028398
9.81,9.95,206925,205035392,0.00708502
9.95,9.96,345990,346700960,0.001005025
9.99,10.07,253655,254501408,0.011044177
10.15,10.08,360808,364689568,0.000993049
10.08,10.11,408485,413653728,0.00297619
10.11,10.2,451230,458678208,0.008902077
10.22,10.15,395609,403560352,-0.004901961
10.15,10.15,220715,224765216,0
10.14,10.18,362995,369877120,0.002955665
10.19,10.1,274626,277448832,-0.007858546
10.12,10.16,399444,403018016,0.005940594
10.16,10,575422,576728448,-0.015748031
9.96,10,424593,426219840,0
10.06,10.15,694026,699032640,0.015
10.12,10.12,372120,376400128,-0.002955665
10.1,10.07,338854,341458400,-0.004940711
10.06,10.22,712122,725381632,0.01489573
10.23,10.39,907402,937827584,0.016634051
10.38,10.32,502604,518131488,-0.006737247
10.32,10.25,427681,441140928,-0.006782946
10.3,10.19,448413,458547136,-0.005853659
10.2,10.21,452402,461205792,0.001962709
10.21,10.1,413421,419972064,-0.010773751
10.1,10.18,318115,323067136,0.007920792
10.18,10.14,306744,310961056,-0.003929273
10.17,10.24,371090,379071520,0.009861933
10.21,10.18,407412,415510400,-0.005859375
10.18,10.24,390667,399105984,0.00589391
10.25,10.23,338597,346594400,-0.000976562
10.23,10.26,382685,392486560,0.002932551
10.27,10.34,551895,569267328,0.007797271
10.33,10.34,329355,340479296,0
10.34,10.32,321831,332206208,-0.001934236
10.32,10.37,366791,379699456,0.004844961
10.36,10.24,504461,519080032,-0.012536162
10.25,10.26,425213,436831168,0.001953125
9.65,9.69,488737,473621408,-0.055555556
9.69,9.75,464434,450155968,0.00619195
9.75,9.78,449032,437770976,0.003076923
9.78,9.79,456931,447191936,0.001022495
9.79,9.74,299213,291821824,-0.005107252
9.74,9.79,458730,449290944,0.00513347
9.79,9.81,306667,300017760,0.002042901
9.82,9.98,909243,905711744,0.017329256
9.97,10.07,787754,794073408,0.009018036
10.07,10.34,1416128,1460972672,0.026812314
10.38,10.49,775556,809852288,0.01450677
10.58,10.97,1780572,1939612928,0.045757865
10.98,11.03,1061171,1168891136,0.005469462
11.03,10.99,888115,979789696,-0.003626473
10.93,11.07,698960,767160064,0.007279345
11.03,11.02,968193,1076877952,-0.004516712
11.02,11.25,811925,904460992,0.020871143
11.24,11.18,632377,705835008,-0.006222222
11.1,10.98,854255,938016192,-0.017889088
10.93,10.74,756618,821957632,-0.021857923
10.79,10.83,588700,633995264,0.008379888
10.86,11.08,614893,676379264,0.023084026
10.98,10.91,560070,611588224,-0.01534296
10.91,10.83,629020,683507712,-0.007332722
10.83,10.74,905361,972743104,-0.008310249
10.73,10.79,574984,619359104,0.004655493
10.8,10.8,482833,521746272,0.000926784
10.8,10.78,420857,452326976,-0.001851852
10.74,10.72,350770,375835712,-0.005565863
10.72,10.6,549424,581428096,-0.01119403
10.56,10.71,402056,429221792,0.010377358
10.72,10.58,400540,424399040,-0.012138189
10.58,10.6,376546,398686432,0.001890359
10.56,10.57,372057,392871936,-0.002830189
10.57,10.47,532493,558340416,-0.009460738
10.53,10.56,311516,327255968,0.008595989
10.59,10.54,446646,471342240,-0.001893939
10.56,10.69,850663,899627584,0.014231499
10.68,10.78,821787,885389824,0.008419083
10.79,10.83,581842,627802368,0.004638219
10.86,10.93,711097,775337088,0.00923361
10.93,10.8,526756,571253568,-0.01189387
10.7,10.71,470452,504221920,-0.008333333
10.7,10.63,770929,824640192,-0.007469655
10.61,10.69,372888,396399552,0.005644403
10.61,10.62,582192,617237568,-0.006548176
10.63,10.58,831012,884221952,-0.003766478
10.65,10.58,615920,651655936,0
10.53,10.57,772946,816814720,-0.00094518
10.56,10.62,596316,631467520,0.004730369
10.56,10.36,786711,820337536,-0.024482109
10.35,10.39,517968,537216320,0.002895753
10.34,10.57,859531,901598400,0.01732435
10.65,10.5,736184,777900992,-0.006622517
10.47,10.45,426162,444799616,-0.004761905
10.45,10.4,748089,778930624,-0.004784689
10.41,10.39,539375,560313600,-0.000961538
10.41,10.45,808767,841797696,0.005774783
10.45,10.45,812066,849495680,0
10.41,10.47,730453,761639360,0.001913876
10.41,10.42,651393,676177856,-0.004775549
10.39,10.36,542721,563688128,-0.005758157
10.34,10.42,524514,543927104,0.005791506
10.37,10.39,860607,898740480,-0.002879079
10.39,10.37,579618,601332608,-0.001924928
10.42,10.39,451237,468389568,0.00192864
10.39,10.37,517767,537789440,-0.001924928
10.37,10.36,690877,717813696,-0.00096432
10.36,10.39,734758,764449856,0.002895753
10.4,10.36,658307,684756992,-0.002887392
10.33,10.16,897505,918395776,-0.019305019
10.19,10.28,841953,860057984,0.011811024
10.29,10.38,948178,981755264,0.009727626
10.39,10.47,984867,1027105408,0.00867052
10.51,10.8,2309663,2473009920,0.031518625
10.85,10.69,1075854,1153897984,-0.010185185
10.67,10.6,810871,859952832,-0.008419083
10.58,10.51,580825,612081152,-0.008490566
10.59,10.55,501133,528946976,0.003805899
10.55,10.57,1426038,1515546368,0.001895735
10.74,10.76,1393278,1489651200,0.017975402
10.79,11.02,3737211,4110827520,0.024163569
10.91,10.99,1385872,1510470528,-0.002722323
11.02,10.97,1546530,1704236416,-0.001819836
10.93,10.92,885592,962463808,-0.004557885
11.02,10.8,985932,1075277824,-0.010989011
10.81,10.63,1110287,1185806976,-0.015740741
10.61,10.64,617485,656843456,0.000940734
10.6,10.59,870999,924188544,-0.004699248
10.62,10.8,1227198,1314595712,0.019830028
10.67,10.86,1979352,2134532864,0.005555556
10.85,11.11,2219522,2438717440,0.023020258
11.12,11.33,2786578,3133243136,0.01980198
11.4,11.4,2565697,2924452608,0.006178288
11.39,12.15,5052035,5995502080,0.065789474
12.16,12.11,3657729,4468664320,-0.003292181
11.97,12.7,3861348,4800513024,0.048720066
12.76,12.65,4230861,5419273728,-0.003937008
12.85,13.64,4876203,6530002432,0.07826087
13.9,13.95,6397786,8897229824,0.022727273
13.8,13.96,7204279,10009732096,0.000716846
13.7,13.04,7594924,10657924096,-0.065902579
13.16,14.12,5472089,7346901504,0.082822086
14.29,14.24,5959063,8598092800,0.008498584
14.04,13.91,3769473,5295825408,-0.023174157
13.71,13.62,2354856,3178107392,-0.020848311
13.59,14.2,3827980,5336939520,0.042584435
14.25,15.1,8431934,12458079232,0.063380282
15.12,14.73,4161166,6197378560,-0.024503311
14.75,14.92,3494293,5197509632,0.012898846
15,15.37,5664356,8786102272,0.030160858
15.1,15.03,4348085,6650627072,-0.022121015
15,14.3,3990705,5760088576,-0.048569528
14.51,14.76,3680295,5389584896,0.032167832
14.88,15.34,4229380,6383178752,0.039295393
15.89,15.29,5290368,8302399488,-0.003259452
15.39,15.68,3911958,6098380288,0.025506867
15.64,16.59,6671290,10694251520,0.058035714
16.56,16.68,5001871,8302084608,0.005424955
16.4,16.42,4268772,7100974592,-0.01558753
16.2,16.16,2961696,4806397440,-0.015834348
16.25,15.57,2929211,4621825024,-0.036509901
15.56,15.71,4613635,7356771840,0.008991651
15.7,15.6,2870028,4465050112,-0.00700191
15.52,15.43,1702516,2646920704,-0.010897436
15.57,15.71,2271409,3573843456,0.018146468
15.71,16.18,2646842,4216830464,0.02991725
16.27,16.24,3125507,5096707072,0.003708282
14.62,14.63,4990406,7432124928,-0.099137931
14.75,14.64,3044809,4468888064,0.000683527
14.8,15.3,3470441,5208894976,0.045081967
15.3,15.13,2156663,3267085568,-0.011111111
15.23,15.17,2494227,3814173184,0.002643754
15.19,15.03,1780964,2671404544,-0.009228741
15.05,14.71,2569419,3785792768,-0.021290752
14.6,14.53,1741448,2541837312,-0.012236574
14.31,14.37,1775307,2541569536,-0.0110117
14.43,14.34,1818087,2625624576,-0.002087683
13.98,14.09,1557868,2200454400,-0.017433752
14.35,14.57,1748843,2516020224,0.034066714
14.6,14.3,1296215,1886445056,-0.018531229
15,14.32,3370617,4973382144,0.001398601
14.28,14.25,1638356,2356073472,-0.004888268
14.25,14.41,1719247,2454553600,0.01122807
14.47,14.66,1535260,2238448128,0.017349063
14.69,14.64,935841,1372191488,-0.001364256
14.69,14.57,807481,1173109248,-0.004781421
14.62,14.63,1504715,2211523584,0.004118051
14.4,14.46,1333875,1920460672,-0.011619959
14.45,14.52,923713,1343475200,0.004149378
14.5,14.3,1267476,1821660416,-0.015151515
14.29,14.67,1559566,2262725632,0.025874126
14.7,14.7,1456165,2157812736,0.00204499
14.78,14.57,2192373,3192259072,-0.008843537
14.48,14.17,1744176,2494347008,-0.027453672
14.33,14.21,1259207,1787542528,0.002822865
14.04,13.91,1735486,2421469952,-0.021111893
13.92,14.05,1021774,1432408192,0.010064702
14.06,14.68,3161251,4551189504,0.044839858
14.49,14.29,1862957,2677735424,-0.026566757
14.35,14.45,1681848,2440617984,0.011196641
14.75,15.13,3830029,5746567168,0.047058824
15.17,15.1,2813042,4299112448,-0.001982816
15.27,15.36,2218602,3387764736,0.017218543
15.41,15.41,2394925,3679377664,0.003255208
15.41,15.74,2460585,3827652096,0.021414666
15.74,15.68,2345901,3665620480,-0.003811944
15.67,15.69,3149958,4929184256,0.000637755
15.82,15.79,2462740,3881893376,0.006373486
15.78,15.56,2637191,4123151616,-0.014566181
15.42,15.16,2167538,3310645760,-0.025706941
15.08,15.22,1807993,2750283776,0.003957784
15.22,15.26,1542871,2350890752,0.002628121
15.42,15.74,3044764,4760224256,0.031454784
15.95,15.57,4025622,6407352320,-0.010800508
15.59,15.73,2439661,3830336768,0.010276172
15.9,15.66,2389555,3744579584,-0.004450095
17.23,17.23,553073,952944896,0.100255428
17.97,17.48,6585477,11626313728,0.014509576
17.43,17.87,4374860,7851853312,0.022311213
17.87,18.81,4049866,7365508096,0.052602126
18.96,18.32,5436755,10204446720,-0.026049973
18.7,17.81,5308511,9699567616,-0.027838428
17.96,18.17,2635424,4748971008,0.020213363
18.47,18.41,3408397,6247865344,0.013208586
18.5,18.17,2737718,5015812096,-0.013036393
17.88,17.7,2917600,5184168960,-0.025866813
17.8,18.44,4072636,7467653120,0.04180791
18.42,18.36,5094257,9496380416,-0.004338395
18.6,18.48,3738080,6951257088,0.006535948
18.5,18.22,2664573,4920839680,-0.014069264
18.23,18.16,2134038,3868502784,-0.003293085
18.05,17.45,2683454,4737518080,-0.039096916
17.6,17.54,2612905,4625262592,0.005157593
17.51,17.69,2213697,3929052928,0.008551881
17.78,17.7,2186833,3889491456,0.000565291
17.51,17.91,2772081,4867456512,0.011864407
17.82,17.77,2239252,3974051840,-0.007816862
17.87,17.54,2262094,4015189248,-0.012943163
17.55,17.49,1844438,3238528768,-0.002850627
17.42,17.16,2147432,3714982912,-0.018867925
17.01,16.85,1599457,2726765056,-0.018065268
16.85,17.63,2492328,4332748800,0.046290801
17.63,18.04,3540803,6396818944,0.023255814
18.24,18.16,1971715,3591569664,0.006651885
18.33,18.7,3119854,5778315264,0.029735683
19,19.22,3289331,6306117120,0.027807487
19.24,19.2,2828929,5411636736,-0.001040583
19.21,19.07,2411683,4623215616,-0.006770833
19.06,17.92,2929424,5429786112,-0.060304143
17.97,18.07,2615510,4689434624,0.008370536
17.92,18.83,2809273,5176270848,0.042058661
18.82,18.95,2540377,4801441280,0.006372809
19,19.45,3585091,6871298560,0.026385224
19.44,20.44,4959790,9920531456,0.050899743
20.99,19.99,3777125,7651487744,-0.022015656
20.04,21.13,5159642,10671410176,0.057028514
21.15,20.83,3661245,7755194368,-0.014197823
20.51,20.47,2529208,5237249024,-0.017282765
20.57,20.36,2271116,4624733696,-0.005373718
20.58,20.31,2451794,5002958848,-0.002455796
20.48,19.5,3212210,6411293696,-0.039881832
19.5,19.29,2444647,4736893952,-0.010769231
19.62,19.43,2527394,4925319168,0.007257646
19.2,18.79,2114490,4014580480,-0.032938755
19,18,2500308,4661571072,-0.04204364
18.06,18.87,2879322,5301457920,0.048333333
18.65,18.93,2731338,5088378880,0.00317965
19.49,18.44,3273068,6251707392,-0.025884839
18.16,17.4,3935682,7050535936,-0.056399132
17.7,17.43,4720206,8278080000,0.001724138
17.6,18.72,4910957,8983116800,0.074010327
18.33,18.21,2936743,5395012608,-0.02724359
18.81,18.65,5247747,9814648832,0.024162548
17.98,17.61,4073227,7192690688,-0.055764075
19,18.82,8146897,15128545280,0.06871096
18.6,20.21,8739489,16915629056,0.073857598
19,18.41,9432932,18287187968,-0.089064819
17.5,19,5886269,10872359936,0.0320478
18.57,18.99,7072023,13746919424,-0.000526316
18.51,18.31,3892685,7160449024,-0.03580832
18.02,17.87,3558348,6336410112,-0.024030584
17.78,18.48,3707645,6703076864,0.034135422
18.48,18.15,2277383,4140280064,-0.017857143
18.35,18.36,1841950,3358838016,0.011570248
18.26,18.44,1913055,3502137600,0.004357298
18.27,18.08,1417101,2577185024,-0.019522777
17.91,17.85,1471003,2626580224,-0.012721239
17.76,17.94,1549409,2773616128,0.005042017
18,17.9,1686399,3035791104,-0.002229654
17.75,16.7,2072405,3616867840,-0.067039106
16.57,17.04,2930594,4980539904,0.020359281
17.04,17.16,1518162,2598864640,0.007042254
17.15,16.98,1105413,1898233856,-0.01048951
17.1,17.3,1209036,2073334784,0.018845701
17.2,18.09,2371986,4231772160,0.04566474
17.96,18.15,889699,1605609728,0.00331675
18.06,17.91,637868,1152536448,-0.01322314
17.82,18.12,1047216,1915869952,0.011725293
18.1,18.29,976117,1785386368,0.009381898
18.12,18.62,1464518,2680856576,0.018042646
18.49,18.2,1191581,2170867968,-0.022556391
17.9,17.9,697563,1256297728,-0.016483516
18.16,17.85,705809,1259620096,-0.002793296
17.91,17.74,619113,1100300800,-0.006162465
17.58,17.33,858986,1489369728,-0.023111612
17.34,16.8,1189512,2037802240,-0.030582804
17.04,17.13,1208894,2033145088,0.019642857
16.92,16.81,733897,1235705216,-0.018680677
16.71,16.54,1020363,1688909952,-0.016061868
16.1,14.98,2195668,3350255360,-0.094316808
14.51,14.71,1988658,2938765568,-0.018024032
14.7,16.09,2498676,3881032448,0.093813732
16.38,17.63,2504205,4189866496,0.095711622
17.49,17.3,1977876,3448948736,-0.018718094
17.17,17.05,1425547,2418625024,-0.014450867
16.88,16.84,1776456,3032538112,-0.012316716
16.45,16.77,1730112,2894747136,-0.00415677
16.55,16.16,899923,1473089792,-0.036374478
16.16,16.65,997443,1648957696,0.030321782
16.79,16.75,886455,1476979456,0.006006006
16.6,17.29,1419525,2422977024,0.032238806
17.1,17.12,588337,1010033536,-0.009832273
17.1,18.35,2387285,4224243712,0.071845794
17.94,18.01,1596821,2859988224,-0.01852861
17.9,17.88,924570,1649211136,-0.007218212
17.7,17.56,724621,1290899328,-0.017897092
17.52,17.71,557793,994981760,0.008542141
17.6,17.57,510329,896607936,-0.007905138
17.65,17.96,612561,1099849984,0.022196927
17.8,17.73,478814,854955648,-0.012806236
17.88,17.52,400289,703968000,-0.011844332
17.5,17.72,464960,812576128,0.011415525
17.56,17.51,212577,373021856,-0.011851016
17.25,17.44,301621,522340032,-0.003997716
17.5,17.77,548283,972151296,0.018922018
18.2,17.73,491823,881085568,-0.002250985
17.95,17.96,309628,557496960,0.012972363
17.96,18.19,608479,1099989888,0.012806236
18.16,18.06,430797,779474432,-0.007146784
17.86,17.85,289053,519124192,-0.011627907
17.93,18.34,791890,1448179840,0.02745098
18.4,18.58,673861,1255251072,0.01308615
18.56,18.25,556531,1019756288,-0.017761033
18.3,18.22,378341,688780800,-0.001643836
18.18,18.69,891993,1636226560,0.025795829
18.42,18.29,432015,791243648,-0.021401819
18.26,18.19,463744,842709760,-0.005467469
18.33,18.07,651918,1182859648,-0.006597031
18.08,18.04,374512,673297536,-0.00166021
17.96,17.86,355442,636052160,-0.009977827
17.85,17.81,271892,485101152,-0.002799552
17.79,17.93,434754,780550656,0.006737788
17.78,17.83,275267,492637312,-0.005577245
17.84,17.9,342588,616527488,0.003925967
17.97,18.36,623438,1133352832,0.025698324
18.3,18.57,1776024,3329491968,0.011437908
18.53,18.68,959101,1778266496,0.005923533
18.75,19.08,2026972,3926534144,0.021413276
18.85,18.64,859682,1608819584,-0.023060797
18.64,18.44,501675,925608704,-0.010729614
18.55,18.27,435028,796449664,-0.009219089
18.13,18.14,359607,653641216,-0.00711549
18.01,18.1,341691,616059264,-0.002205072
18.2,18.14,586906,1073245504,0.002209945
18.23,18.16,470210,854764928,0.001102536
18.08,18.2,327782,594877184,0.002202643
18.15,18.15,362313,659327808,-0.002747253
18.16,18.19,476510,869174144,0.002203857
18.23,17.88,622111,1111420160,-0.017042331
17.85,17.73,661012,1169696256,-0.008389262
17.79,17.53,637660,1127051520,-0.011280316
17.51,17.04,679555,1168267264,-0.027952082
17.07,17.2,550020,940653568,0.009389671
17.28,17.11,397885,678415744,-0.005232558
17.13,17.91,1021647,1800174848,0.046756283
17.8,17.78,715160,1272599552,-0.007258515
17.6,17.25,515445,895112320,-0.029808774
17.2,17.39,436895,757778112,0.008115942
17.3,17.42,451801,786526016,0.001725129
17.33,17.39,440671,767061504,-0.001722158
17.39,17.26,440717,767406848,-0.007475561
17.23,16.92,1141856,1927210880,-0.019698725
16.75,17.06,941422,1575700864,0.008274232
17.03,17.03,461578,784493824,-0.001758499
17.08,16.96,307863,521687776,-0.004110393
17,17.1,501911,856073216,0.008254717
17.09,17.52,1569866,2766475776,0.024561404
17.43,18.23,1526031,2749053952,0.040525114
18.14,18.27,940065,1712026880,0.002194185
18.28,18.19,1088429,2005574272,-0.004378763
18.18,18.14,374092,678405120,-0.002748763
18.22,18.33,489263,894866176,0.01047409
18.35,17.84,487379,876240576,-0.026732133
17.83,17.94,365775,651978496,0.005605381
17.9,18.26,712666,1275675648,0.017837235
18.12,17.99,721649,1308243712,-0.014786418
17.91,17.28,373406,650573696,-0.03946637
17.17,17.23,515778,892179584,-0.002893519
17.2,17.31,319827,551646016,0.004643064
17.15,16.67,199815,335909440,-0.036972848
16.8,16.81,608228,1024996352,0.00839832
16.68,16.04,654912,1071917376,-0.045806068
16.03,15.98,468282,751250880,-0.003740648
16.21,15.87,573436,915062400,-0.006883605
15.55,15.89,429630,678479488,0.001260239
15.87,15.48,344216,539614080,-0.025802391
15.39,15.42,267351,414899648,-0.003875969
15.58,15.71,388352,605769344,0.018806744
15.56,15.52,389307,602278592,-0.012094208
15.41,15.3,353224,547241536,-0.014175258
15.48,15.28,307008,469666144,-0.00130719
15.29,15.48,218440,334419008,0.013089005
15.33,14.86,302086,456333856,-0.04005168
14.96,15,512688,771408384,0.009421265
14.96,14.72,254779,379361536,-0.018666667
14.75,14.99,364675,544618816,0.018342391
14.98,14.72,270356,399202432,-0.018012008
14.65,14.85,187778,279081120,0.008831522
14.72,14.67,236608,346543296,-0.012121212
14.79,14.88,223193,330677632,0.014314928
14.9,14.86,168854,250744416,-0.001344086
14.5,14.66,192908,282388064,-0.01345895
14.77,14.94,265698,397122784,0.019099591
14.95,15.03,382855,573493632,0.006024096
14.95,14.9,287652,430450528,-0.008649368
14.9,14.75,225154,333076960,-0.010067114
14.88,15.01,386407,578307968,0.017627119
15.01,14.83,248628,369124448,-0.011992005
14.75,14.81,214751,316686624,-0.001348618
14.81,14.25,511306,740824064,-0.037812289
14.35,14.45,286840,413497088,0.014035088
14.43,14.56,483185,692907456,0.007612457
14.56,14.65,320288,467774880,0.006181319
14.79,14.96,604563,897678336,0.02116041
14.95,15.15,535119,803689984,0.012700535
15.14,15.97,1644679,2572638976,0.054125413
15.9,15.78,410665,649708928,-0.011897307
15.78,15.96,452571,704533952,0.011406844
15.73,16.05,742320,1175103104,0.005639098
15.82,15.66,198870,314373888,-0.024299065
15.59,15.76,327896,512388928,0.006385696
15.78,15.72,314968,500190848,-0.002538071
15.81,15.86,355205,561733632,0.008905852
15.88,16.42,1236575,2016510080,0.035308953
16.39,16.23,460711,748342336,-0.011571255
16.39,16.17,595777,965239488,-0.003696858
16.21,16.22,502538,816507328,0.003092146
16.27,16.19,337420,548665856,-0.001849568
16.26,16.18,191400,310370784,-0.000617665
16.18,16.11,239908,386975648,-0.004326329
16.12,16.13,159293,257057440,0.001241465
16.15,15.85,221376,355104576,-0.017358958
15.9,15.79,197165,313168224,-0.003785489
15.79,16.24,296755,478252576,0.02849905
16.3,16.09,259496,418715072,-0.009236453
16.18,16.27,384883,620911552,0.011187073
16.13,16.34,392969,637828864,0.004302397
16.21,16.26,300726,488458880,-0.004895961
16.32,16.1,295563,477567488,-0.009840098
16,16.16,224398,361753056,0.003726708
16.16,16.31,317808,521431200,0.009282178
16.41,16.29,174564,284011232,-0.001226242
16.39,16.48,400469,662526848,0.011663597
16.5,16.46,229842,379056768,-0.001213592
16.56,16.93,588338,990505856,0.02855407
16.76,17.06,505233,862860032,0.007678677
17.21,17.11,300796,515250048,0.002930832
17.11,17.33,787483,1349077248,0.012857978
17.27,17.69,794121,1395740416,0.020773226
17.6,17.87,556256,993784320,0.01017524
17.75,17.9,396678,705132096,0.001678791
17.81,17.91,390217,697015488,0.000558659
17.9,17.88,250716,448803392,-0.001675042
17.93,17.88,281958,503333056,0
17.87,17.75,190016,338329920,-0.007270694
17.79,17.7,350537,620494464,-0.002816901
17.7,17.65,243888,430847904,-0.002824859
17.65,17.62,203051,357190016,-0.001699717
17.62,17.32,296660,519899744,-0.017026107
17.33,17.3,235980,408579616,-0.001154734
17.11,17.04,288015,496178880,-0.015028902
17.06,17.15,208071,358012832,0.006455399
17.02,17.46,260792,453541568,0.018075802
17.41,17.57,239121,419456608,0.006300115
17.55,17.5,379999,667673536,-0.003984064
17.49,17.48,134986,235712608,-0.001142857
17.41,17.82,461743,814897792,0.019450801
17.74,17.81,170978,304549536,-0.000561167
17.76,17.88,145028,259055456,0.003930376
17.88,17.52,168499,297555968,-0.020134228
17.51,17.33,88256,153638720,-0.010844749
17.59,17.55,102917,180397504,0.012694749
17.5,17.69,127883,226478688,0.007977208
17.77,17.66,74144,131180232,-0.001695873
17.75,17.84,207546,369200384,0.010192525
17.88,18,411391,739952896,0.00896861
18.09,17.83,220137,393579392,-0.009444444
17.82,17.73,107553,190719568,-0.005608525
17.8,17.78,98526,175174608,0.002820079
17.73,17.64,127704,225235536,-0.007874016
17.76,17.8,112504,199544448,0.009070295
17.75,17.77,95149,168924720,-0.001685393
17.58,17.32,162207,284764736,-0.025323579
17.33,17.38,109535,190753280,0.003464203
17.25,17.39,187358,325485984,0.000575374
17.26,17.4,221139,384653696,0.000575043
17.38,17.5,137602,241308416,0.005747126
17.62,17.51,156972,274976160,0.000571429
17.53,17.54,113271,198765344,0.001713307
17.5,17.5,100673,176398272,-0.002280502
17.52,17.26,160611,278405088,-0.013714286
17.26,17.25,608599,1049167936,-0.000579374
17.25,17.28,195077,336583680,0.00173913
17.25,17.29,130116,224492912,0.000578704
17.31,17.45,216736,376575264,0.009253904
17.47,17.5,175405,306680960,0.00286533
17.5,17.63,109878,193394880,0.007428571
17.63,17.72,177033,314424416,0.005104935
17.79,17.56,186123,327013888,-0.009029345
17.53,17.42,207506,361529696,-0.007972665
17.41,17.51,152675,266195440,0.005166475
17.5,17.39,152161,264677216,-0.006853227
17.49,17.48,160142,280096736,0.005175388
17.48,17.71,254320,447846592,0.013157895
17.13,17.05,288970,495868864,-0.037267081
17.07,17.09,126895,216401312,0.002346041
17.08,17.14,110715,189627728,0.002925688
17.15,17.26,246652,427061952,0.007001167
17.26,17.12,139798,239922720,-0.00811124
17.1,17.07,117152,199854448,-0.002920561
17.07,17.24,146024,251047872,0.009958992
17.25,17.08,100294,171933040,-0.009280742
17.09,17.12,81011,138621904,0.00234192
17.05,17.17,117383,201245056,0.002920561
17.2,17.37,321173,550792704,0.011648224
17.19,17.14,196314,337013568,-0.01324122
17.15,17.16,121919,208810752,0.001166861
17.15,17.18,198993,341922848,0.001165501
17.21,17.15,98296,168764720,-0.001746217
17.08,17.07,93585,159753552,-0.004664723
17.11,17.06,118194,201351104,-0.000585823
17.06,17.1,167656,286702368,0.002344666
17.14,17.13,131510,225246256,0.001754386
17.13,17.17,254387,436213120,0.002335085
17.17,17.28,187677,323678688,0.006406523
17.3,17.45,312363,549682880,0.009837963
17.51,17.99,445161,794255424,0.030945559
18.1,18.42,817392,1520048896,0.023902168
18.64,18.31,602743,1105739904,-0.00597177
18.43,18.4,219080,404343008,0.004915347
18.33,18.23,323838,596924096,-0.00923913
18.34,18.62,392548,729182464,0.021393308
18.62,18.69,208213,388697504,0.003759398
18.61,18.66,288232,542400832,-0.001605136
18.66,18.62,191409,354910016,-0.002143623
18.57,18.51,194665,358081696,-0.005907626
18.49,18.55,169207,313827456,0.002160994
18.46,18.27,205365,374404160,-0.01509434
18.24,18.44,191189,352596192,0.009304871
18.36,18.63,156107,290862560,0.010303688
18.6,18.62,155452,290828352,-0.000536769
18.52,18.68,178617,332984800,0.003222342
18.68,18.75,198655,372168096,0.003747323
18.75,18.51,179394,334156288,-0.0128
18.51,18.56,177063,328123072,0.002701243
18.58,18.53,83202,154289424,-0.001616379
18.52,18.33,86709,159932160,-0.010793308
18.16,17.9,281284,506037344,-0.023458811
17.91,17.91,135417,243518992,0.000558659
17.99,17.54,222197,393779456,-0.02065885
17.55,17.81,168202,299454560,0.015393387
17.8,17.74,102510,182019360,-0.003930376
17.75,17.88,76723,137141040,0.00789177
17.99,17.97,123548,222945152,0.005033557
17.99,17.98,135532,244168352,0.000556483
17.91,18,146998,264867536,0.001112347
17.97,18.07,100013,180407344,0.003888889
18.06,17.89,107347,192234016,-0.009961262
17.96,18,103093,185631392,0.006148686
17.96,18,84308,152065856,0
18.03,18.3,190939,348345888,0.016666667
18.33,18.33,129294,237561456,0.001639344
18.28,18.15,104800,190617616,-0.009819967
18.15,18.09,105598,191543008,-0.003305785
18.1,18.1,122385,221243824,0.000552792
18.07,17.86,122381,219660672,-0.013259669
17.86,17.93,143019,256039360,0.003919373
17.93,17.88,119301,213904320,-0.002788622
17.9,17.89,123579,220968784,0.000559284
17.91,17.91,124364,222194720,0.001117943
17.93,18.31,291560,531562144,0.022333892
18.31,18.13,197582,360605408,-0.009830694
18.12,17.97,143368,258759664,-0.008825152
18.06,17.81,218250,389363392,-0.008903728
17.8,17.9,204116,365151744,0.005053341
17.87,17.86,128933,230491024,-0.002234637
17.87,17.98,189405,339544640,0.006718925
17.86,17.84,309536,551269824,-0.007786429
17.83,17.93,270810,484543264,0.005044843
17.9,17.91,269388,483274400,-0.001115449
17.91,17.89,208258,372548928,-0.001116695
17.92,17.99,262349,471517504,0.005589715
18,17.89,342438,612494720,-0.005558644
17.95,18,271170,489248992,0.006148686
17.95,18.02,276349,497447008,0.001111111
18,18.04,353541,641245312,0.001109878
18.1,18.18,256507,465084608,0.007760532
18.23,18.12,235213,427162272,-0.00330033
18.11,18.12,271773,491383008,0
18.12,18.1,185515,335802144,-0.001103753
18.08,18.34,413476,760532544,0.013259669
18.37,18.37,524920,964268032,0.001635769
18.4,18.84,663515,1243122176,0.025585193
18.77,18.74,267502,502543840,-0.005307856
18.8,18.99,409433,772447168,0.013340448
19.1,18.65,851465,1604490624,-0.01790416
18.65,18.75,491080,915066944,0.00536193
18.76,18.55,391298,727802176,-0.010666667
18.55,18.49,537990,997774272,-0.003234501
18.53,18.49,483921,891327424,0
18.39,18.66,503518,933953856,0.009194159
18.66,18.6,317291,592585856,-0.003215434
18.65,18.62,121672,226701440,0.001075269
18.67,18.76,269307,505299968,0.007518797
18.76,19.2,625821,1197391360,0.023454158
19.16,19.25,794882,1530135040,0.002604167
19.09,18.88,249332,471987680,-0.019220779
18.8,18.82,327807,621281024,-0.003177966
18.73,18.24,366125,673540672,-0.030818278
18.24,18.18,242168,441962368,-0.003289474
18.15,18.01,246245,443900192,-0.009350935
17.99,17.79,298002,531016960,-0.012215436
17.83,17.81,308684,551372352,0.001124227
17.85,17.72,219231,388437344,-0.005053341
17.77,17.6,181082,319060384,-0.006772009
17.56,17.75,163431,287481216,0.008522727
17.73,17.71,100908,179187232,-0.002253521
17.72,17.62,267872,470097376,-0.005081875
17.6,17.49,284392,497576064,-0.00737798
17.53,17.6,227260,398354144,0.006289308
17.6,17.96,304583,543437248,0.020454545
17.9,18.02,256657,461916736,0.003340757
18.05,18.1,245639,445323264,0.004439512
18.1,17.96,174879,315460256,-0.007734807
18.05,17.94,173460,312457088,-0.001113586
17.95,17.94,106682,191855424,0
18.03,17.96,134290,241615360,0.001114827
17.95,18,140959,254229664,0.002227171
18,18.22,251179,456928160,0.012222222
18.18,18.58,751047,1385245824,0.019758507
18.5,18.45,235660,435835488,-0.006996771
18.49,18.59,178796,331977184,0.007588076
18.55,18.52,131174,244232032,-0.003765465
18.54,18.59,217391,403155072,0.003779698
18.68,18.5,198798,369761632,-0.004841313
18.59,18.87,255436,479286624,0.02
18.81,18.88,152722,287271136,0.000529942
18.9,19,273187,521508256,0.006355932
19.08,18.7,233073,437172384,-0.015789474
18.88,18.62,240443,449830944,-0.004278075
18.63,18.57,229412,426839072,-0.002685285
18.55,18.6,197103,365540224,0.001615509
18.59,18.73,222499,418114752,0.006989247
18.86,18.9,396428,748379520,0.009076348
18.9,18.97,253310,480693344,0.003703704
19,18.87,237877,449426400,-0.005271481
18.97,19.13,596845,1140926336,0.013778484
19.19,19.14,352234,674770048,0.000522739
19.19,19.02,179806,343397824,-0.006269592
19.03,19.4,446351,864176256,0.01997897
19.43,19.41,300568,588854400,0.000515464
19.43,19.4,225503,437723360,-0.000515198
19.41,19.38,156566,303013856,-0.001030928
19.38,19.43,207023,401104864,0.002579979
19.38,19.41,254522,494391328,-0.001029336
19.4,19.44,165954,323451584,0.001545595
19.45,19.34,239839,464816288,-0.005144033
19.38,19.1,241513,463994976,-0.012409514
19.07,19.01,169721,323332704,-0.004712042
19.01,19.06,238081,457260960,0.002630195
19.1,19.24,252478,482993280,0.009443861
19.12,19.29,194866,374347200,0.002598753
19.25,19.05,231953,441475808,-0.01244168
19.02,18.91,209053,394814400,-0.007349081
18.89,19.03,170561,323081952,0.006345849
19.04,19.1,181593,346992928,0.003678403
19.1,19.01,218284,415062784,-0.004712042
19.1,19.06,311855,596890752,0.002630195
19.17,18.81,355354,675517888,-0.013116474
18.89,18.76,334630,627135936,-0.002658161
18.75,18.76,401848,752524928,0
18.74,18.52,469080,871125184,-0.012793177
18.52,18.64,409431,766200256,0.006479482
18.77,18.78,327816,613249792,0.00751073
18.79,19.1,800192,1531802496,0.017039404
19.25,18.97,420273,801684352,-0.006806283
18.99,19.09,449347,857221824,0.006325778
19.09,19.02,257269,490686368,-0.003666841
19.02,19.17,339623,650952960,0.007886435
19.22,19.07,486026,929280320,-0.005216484
19.05,19.04,340967,648458304,-0.001573152
19.05,18.89,440340,833989120,-0.007878151
18.93,18.91,323135,609971584,0.001058761
18.91,19.02,394076,748244160,0.005817028
19.02,19.05,321435,611281024,0.001577287
19.04,18.92,267049,505235744,-0.006824147
18.91,18.82,301427,564136320,-0.005285412
18.77,18.88,407583,763022080,0.003188098
18.8,18.6,315858,591650432,-0.014830508
18.58,18.46,309281,573673728,-0.007526882
18.59,18.39,283678,523852160,-0.003791983
18.5,18.8,497430,935678848,0.022294725
18.89,18.91,371433,703849024,0.005851064
18.95,18.96,408790,773462784,0.002644104
18.97,19.11,424191,810267712,0.007911392
19.01,18.98,345575,654130112,-0.006802721
19.1,19.13,494597,945369152,0.007903056
19.14,19.01,277869,529881152,-0.00627287
18.99,18.93,180579,342113792,-0.004208311
18.95,18.75,396734,743771328,-0.009508716
18.79,18.8,343184,640625536,0.002666667
18.67,18.79,429985,806982656,-0.000531915
18.8,18.79,149056,280094848,0
18.85,19.02,420663,802326336,0.012240553
19.09,19.26,471933,909384832,0.012618297
19.25,20.34,1223924,2442104320,0.056074766
20.45,20.67,835591,1738353280,0.016224189
20.55,20.49,647318,1325991040,-0.008708273
20.36,20.19,596935,1206835072,-0.014641288
20.01,20.25,363454,732979584,0.002971768
20.17,20.53,391795,798985920,0.01382716
20.46,20.89,578885,1212784512,0.017535314
20.88,21.83,950344,2057868416,0.044997607
21.82,21.91,741507,1623533184,0.003664682
21.81,22.95,1066678,2416876288,0.04746691
22.99,22.64,785054,1785010176,-0.013507625
22.45,22.42,739755,1666165888,-0.009717314
22.33,22.59,780922,1753824128,0.007582516
22.7,22.16,510195,1138839808,-0.019034971
21.93,21.98,650265,1419799552,-0.008122744
22,21.93,548845,1199205632,-0.002274795
22.02,22.52,964963,2160376576,0.026903785
22.35,22.74,748658,1680209792,0.009769094
22.75,22.91,837533,1924613504,0.007475814
22.84,22.84,555654,1276327552,-0.003055434
22.9,22.49,542608,1220058112,-0.015323993
21.75,21.3,518016,1115250432,-0.052912406
21.3,20.93,675373,1425902848,-0.017370892
20.91,20.81,531911,1113029376,-0.005733397
20.92,21.16,546633,1152930432,0.016818837
21.3,21.08,532168,1127816320,-0.003780718
21.29,21.31,507863,1074173568,0.010910816
21.25,22.73,1523888,3414570752,0.066635382
22.61,23.03,941209,2136408576,0.013198416
23.08,23.04,889958,2084599680,0.000434216
22.94,24.36,1075846,2541436928,0.057291667
24.11,23.8,737130,1774023808,-0.022988506
24,24.15,594214,1432956928,0.014705882
24,23.91,406988,972087168,-0.009937888
23.8,23.52,416239,979092992,-0.016311167
23.51,23,573637,1325615872,-0.022108844
22.98,23.9,783997,1836342528,0.039130435
23.71,23.96,624333,1481675264,0.00251046
23.8,23.26,632180,1478551296,-0.029215359
23.32,23.26,372034,866708224,0
23.23,24.08,730383,1747996928,0.035253654
24.1,24.34,858004,2107028224,0.010797342
24.34,24.9,559404,1386998144,0.023007395
24.99,25.18,508060,1271884032,0.01124498
25.1,25.11,709288,1788461056,-0.002779984
24.9,24.52,645347,1583816704,-0.023496615
24.44,25.22,630771,1570233856,0.028548124
25.1,25.2,514337,1286272384,-0.000793021
25.08,24.74,327647,818375360,-0.018253968
24.77,25.71,625922,1587410688,0.039207761
25.8,25.53,743945,1922841216,-0.007001167
25.52,25.46,463343,1184402304,-0.002741872
25.48,25.9,434532,1124251904,0.017282011
25.77,25.78,280362,720520384,-0.004633205
25.64,25.57,341960,875073792,-0.008145849
25.58,26.14,478066,1237126912,0.022291748
26.12,26.62,606284,1619543936,0.018362663
26.52,25.89,510286,1338776448,-0.02742299
25.87,25.52,489271,1252754944,-0.014291232
25.4,25.98,309136,799024704,0.018025078
25.9,25.85,220463,569318272,-0.005003849
25.78,25.54,292486,754403200,-0.011992263
25.47,25.14,464651,1172008448,-0.015661707
24.97,24.49,521732,1295751424,-0.025855211
24.6,24.8,535948,1318539776,0.012658228
24.8,25.53,536900,1370978560,0.029435484
25.41,25.17,297828,750197248,-0.014101058
25.19,25.06,321460,803371840,-0.004370282
24.91,25.42,397344,1003556224,0.014365523
25.42,25.3,315254,796215296,-0.004720692
25.42,25.89,502879,1289000320,0.023320158
25.98,26.52,607368,1607392896,0.02433372
26.5,26.69,461616,1228209408,0.006410256
26.8,27.53,660920,1796548736,0.031472462
27.58,27.24,547461,1504650752,-0.010533963
27.26,27.14,328702,894606528,-0.003671072
27.39,27.16,472056,1292864128,0.00073692
27.16,26.75,590810,1576347776,-0.015095729
26.74,26.76,479746,1287996672,0.000373832
26.54,26.96,356317,953928896,0.007473842
26.9,27.34,405733,1101284992,0.014094955
27.28,26.88,329487,890348928,-0.016825165
26.9,26.35,466757,1237783168,-0.019717262
26.36,26.38,290972,768685696,0.00113852
26.6,26.18,467593,1236452352,-0.007581501
26.28,26.44,426202,1117346048,0.009931245
26.44,26.17,328669,861995136,-0.0102118
26.18,25.86,472235,1222804992,-0.011845625
25.75,25.97,327863,847804800,0.004253674
25.97,25.76,511077,1323656320,-0.008086253
25.79,26.17,472741,1228816256,0.015916149
26.11,25.89,517859,1350601216,-0.010699274
25.95,26.06,409273,1066972544,0.006566242
25.9,25.95,280310,729528064,-0.004221028
25.86,25.81,320065,829467456,-0.00539499
25.71,25.71,224681,578862336,-0.003874467
25.67,25.4,337792,861005184,-0.012057565
25.48,25.2,347232,875845376,-0.007874016
25.2,25.55,471642,1200679040,0.013888889
26.8,26.08,1002965,2651928576,0.02074364
26.05,26.12,1052507,2722110464,0.001533742
26.05,26.04,484000,1261376512,-0.003062787
26.14,26.37,478422,1257728384,0.012672811
26.37,26.2,327343,860203520,-0.00644672
26.29,26.87,707032,1886449536,0.025572519
26.7,27.03,582939,1577299200,0.005954596
27.06,27.11,383278,1037664384,0.002959674
27.16,27.1,408096,1107391104,-0.000368868
26.96,26.77,281303,755916480,-0.012177122
26.77,26.5,347313,925253824,-0.010085917
26.52,26.62,370779,988906816,0.004528302
26.57,26.8,339320,905316352,0.006761833
26.66,26.55,688502,1839713664,-0.009328358
26.68,28.1,1228583,3388881920,0.058380414
27.85,27.79,1039981,2890850816,-0.011032028
27.5,27.1,624173,1692746752,-0.024829075
27.11,26.9,695137,1866958976,-0.007380074
26.8,27.01,362395,974720000,0.004089219
26.98,27.06,680869,1829746432,0.001851166
26.9,26.61,699591,1854555264,-0.016629712
26.6,27.03,730615,1968881408,0.01578354
27,27.09,720481,1958201856,0.002219756
26.99,27.07,351539,952783872,-0.00073828
26.91,27.07,700108,1882008448,0
27.11,27.67,1367637,3814308608,0.022164758
27.75,28.02,844499,2361867264,0.012649078
27.79,27.88,690364,1927570944,-0.004996431
27.77,28.1,679489,1892846720,0.007890961
28.3,29.38,1551975,4524400128,0.045551601
29.38,30.53,1309590,3912283904,0.039142274
30.3,30.36,1119846,3439543808,-0.005568293
30.54,30.9,975791,3034245888,0.017786561
30.8,30,890795,2709651200,-0.029126214
30.25,30.09,812638,2447315968,0.003
29.86,29.88,985411,2899282432,-0.006979063
29.46,29.19,616271,1801453824,-0.023092369
29.31,29.56,580196,1699268352,0.012675574
29.32,28.99,501838,1458283264,-0.019282815
28.99,28.61,675776,1936547840,-0.013107968
28.43,28.72,416075,1197481984,0.00384481
28.72,29.49,884529,2588555776,0.026810585
29.35,28.93,552655,1602157952,-0.018989488
28.7,28.25,652152,1846806144,-0.023505012
28.12,28.52,521478,1476432384,0.009557522
28.44,28.93,797430,2266770944,0.014375877
28.7,28.35,551097,1579380992,-0.020048393
28.35,28.6,536159,1517011712,0.008818342
28.53,28.63,529392,1520833408,0.001048951
28.57,28.06,488065,1378078336,-0.019909186
28.1,28.33,373895,1058596864,0.009622238
28.47,29.36,771232,2238123008,0.036357218
29.41,29.47,554400,1631568128,0.003746594
29.37,29.64,567380,1684770432,0.005768578
29.51,29.29,443138,1301573632,-0.011808367
29.19,29.29,601076,1777969152,0
29.22,29.71,614000,1817411840,0.014339365
29.5,28.76,633932,1845505280,-0.031975766
28.75,28.63,421202,1209920384,-0.004520167
28.63,29.02,329043,950964480,0.013622075
29.02,29.62,675913,2009147008,0.020675396
29.74,29.97,718503,2161448704,0.01181634
30.28,29.65,516866,1540869760,-0.010677344
29.87,30.1,479908,1435732608,0.015177066
29.92,29.47,658579,1943542272,-0.020930233
29.52,29.77,398678,1179590656,0.010179844
29.66,30.53,799283,2428313344,0.025529056
30.52,30.92,540745,1668764800,0.01277432
31.12,31.51,487343,1528109312,0.019081501
31.48,31.94,673146,2148679936,0.013646461
31.8,31.89,652819,2080015616,-0.001565435
32.1,31.69,1026546,3328493056,-0.006271558
32.1,32.32,811040,2628880128,0.019880088
32.66,32.46,841329,2769050368,0.004331683
32.18,33.08,945730,3131534592,0.019100431
33.2,34.05,868995,2940790016,0.029322854
34.25,33.85,1176484,4066613248,-0.005873715
34.01,33.41,789040,2631027968,-0.012998523
33.19,33.47,706674,2386060800,0.00179587
33.5,32.98,684921,2299932928,-0.014639976
32.9,32.57,365713,1196780288,-0.012431777
32.34,33.94,664794,2209958400,0.042063248
34.05,34.45,692850,2378431232,0.015026517
34.04,34.5,494732,1690289920,0.001451379
33.83,34.89,743286,2570910976,0.011304348
34.1,34.62,1416913,4822983680,-0.007738607
34.58,32.39,1502883,4982016000,-0.064413634
31.95,31.28,1069830,3355653632,-0.034269836
30.33,30.71,1327540,3963446784,-0.018222506
30.4,30.05,876966,2637441792,-0.021491371
30.38,30.91,799268,2463683840,0.028618968
30.95,31.37,334943,1042018688,0.014881915
31.88,31.5,677681,2144014336,0.004144087
31.5,31.78,515008,1626590720,0.008888889
31.89,31.51,718618,2272643328,-0.008495909
31.57,30.87,715338,2216706048,-0.020311012
30.38,30.3,532577,1612634112,-0.018464529
30.03,30.4,402770,1226158336,0.00330033
30.12,30.03,338760,1021219200,-0.012171053
30.1,30.15,336201,1013168768,0.003996004
30.39,30.04,618837,1851222400,-0.003648425
30.5,30.77,842334,2596877568,0.024300932
30.85,30.92,405007,1247826560,0.004874878
31.2,31.15,355100,1108939264,0.007438551
31.44,30.84,581737,1807020672,-0.009951846
30.9,30.73,373747,1158438656,-0.003566796
30.57,30.39,263176,798808448,-0.011064107
30.21,30.52,241960,737285312,0.004277723
30.57,30.13,368024,1116503040,-0.012778506
30.01,30.71,322733,980755520,0.019249917
30.55,30.99,382395,1181777280,0.009117551
31.28,31.26,585145,1841756800,0.008712488
31.28,31.23,446275,1386451072,-0.000959693
30.3,30.31,866428,2611002880,-0.029458854
30.26,29.11,905780,2654133504,-0.039590894
29.55,28.72,805431,2327605760,-0.013397458
28.4,28.7,787979,2274733824,-0.000696379
28.73,29.31,679494,1972338304,0.021254355
29.37,29.09,356753,1039897280,-0.007505971
29,29.01,477387,1396102272,-0.002750086
28.86,28.81,302254,868475008,-0.006894174
28.88,28.76,377822,1095425792,-0.001735509
28.86,28.84,277424,801133248,0.002781641
28.84,30.29,586015,1731213184,0.050277393
30.34,30.49,560433,1709631488,0.006602839
30.5,29.93,337675,1015562880,-0.018366678
30.05,29.54,260109,775003200,-0.013030404
29.2,28.11,914627,2595815936,-0.048408937
28.25,27.69,610750,1702375296,-0.014941302
28.28,28.14,659780,1841953024,0.016251354
28.18,28.24,424329,1205816192,0.00355366
28.05,28.21,397995,1116482304,-0.001062323
27.93,28.29,301522,851443584,0.002835874
28.3,28.86,670264,1951397632,0.020148462
28.86,28.82,251675,726053632,-0.001386001
29.1,28.8,339607,975939712,-0.000693963
28.9,29.33,575079,1664707456,0.018402778
29.98,29.56,490570,1455786496,0.0078418
29.34,29.3,321741,938929856,-0.00879567
29.28,28.74,337697,975938240,-0.019112628
28.77,28.93,307494,885770368,0.006610995
29,29.68,503129,1489149696,0.025924646
29.7,29.75,222626,661356480,0.002358491
30,29.84,322192,957420608,0.00302521
29.73,30.08,435345,1307245952,0.008042895
30.5,30.82,707668,2175818240,0.024601064
30.85,30.56,329876,1007130880,-0.00843608
30.38,29.97,344519,1038605824,-0.019306283
30,29.8,290467,867844672,-0.005672339
29.77,30.46,394018,1188037504,0.022147651
30.72,30.27,415216,1267521792,-0.006237689
30.14,29.82,365426,1088792960,-0.014866204
29.8,29.61,296513,880162304,-0.007042254
29.6,29.1,355225,1041219072,-0.017223911
29.08,29.21,251505,734119744,0.003780069
29.23,28.8,605072,1741562624,-0.014036289
28.65,28.94,480534,1376604928,0.004861111
28.5,28.3,339589,966502656,-0.02211472
28.39,28.78,522926,1500473728,0.016961131
28.78,28.6,293260,841358592,-0.006254343
28.91,29.25,433344,1257114624,0.022727273
29.17,29.26,372882,1087160960,0.00034188
29.17,28.8,345608,1000091904,-0.015721121
28.9,28.9,494431,1435268864,0.003472222
28.75,28.2,426216,1209479168,-0.024221453
28.2,28.63,378332,1070796416,0.015248227
28.62,28.74,311972,898564352,0.003842124
28.75,28.71,267532,770378496,-0.001043841
28.65,28.57,343384,984047488,-0.00487635
28.47,28.94,419549,1213019264,0.012950648
28.64,28.99,1206094,3483188992,0.001727713
28.78,28.51,364526,1040634048,-0.016557434
28.52,28.65,316217,910748288,0.004910558
28.67,28.62,221997,634077568,-0.00104712
28.68,27.67,482160,1355187840,-0.033193571
27.48,26.9,623228,1669754240,-0.027827973
26.68,26.33,442689,1171600512,-0.021189591
26.25,25.85,439700,1140542208,-0.018230156
25.98,26.44,309111,814179712,0.022823985
26.44,25.44,435187,1124749568,-0.037821483
25.44,25.22,658584,1654664576,-0.008647799
25.18,25.05,369650,930211584,-0.006740682
25.17,25.44,495925,1252366592,0.015568862
25.49,25.84,441259,1131470208,0.01572327
26,26.95,527058,1412279808,0.042956656
27.01,26.8,326842,875889920,-0.005565863
26.08,26.6,316713,839272384,-0.007462687
25.8,26.04,469427,1225745792,-0.021052632
26.28,26.23,247061,646322688,0.007296467
26.17,25.67,359322,931706240,-0.0213496
25.5,25.37,289369,732402048,-0.011686794
25.57,25.29,332355,849465216,-0.003153331
25.58,25.62,395287,1016389248,0.013048636
25.62,27.38,1010892,2704374528,0.068696331
27.39,27.86,924109,2550106112,0.017531045
27.86,27.75,694539,1944728320,-0.003948313
28.2,28.22,430217,1212914560,0.016936937
28.36,28.12,458657,1299264896,-0.003543586
28.12,28.09,308430,864315712,-0.001066856
28.09,28.61,383391,1086965760,0.018511926
28.6,28.39,348278,987037632,-0.007689619
28.69,27.87,536866,1531776000,-0.018316309
27.8,27.18,571924,1566477312,-0.024757804
27.33,27.24,298116,819624640,0.002207506
27.38,27.59,385964,1069702784,0.012848752
27.59,28.48,513960,1445089024,0.032258065
28.6,28.11,282441,798263680,-0.012991573
27.94,28.77,403921,1153671680,0.023479189
28.81,28.44,271446,771539712,-0.011470282
28.12,27.71,467600,1288408960,-0.025668073
27.66,27.51,265917,730077504,-0.007217611
27.51,26.7,384433,1035868480,-0.029443839
26.29,26.74,383702,1024991040,0.001498127
27.1,26.52,259363,697067968,-0.008227375
26.99,26.96,369551,992571264,0.016591252
27.04,27.1,369906,1005654848,0.005192878
27.19,27.04,202681,548067456,-0.002214022
27.14,27.3,321320,874029568,0.009615385
27.15,27.7,480270,1325865600,0.014652015
28.05,28.54,510808,1443348608,0.03032491
28.57,28.62,368444,1060897280,0.002803083
28.63,28.76,260969,749530176,0.004891684
28.73,28.14,272573,772976640,-0.021557719
28.01,28.29,460881,1309259008,0.00533049
28.32,28.14,260701,734063552,-0.005302227
28.18,28.64,328224,931947264,0.017768301
28.35,27.69,359403,1008629760,-0.033170391
27.7,27.5,245919,679321728,-0.006861683
27.65,28.17,397196,1111287808,0.024363636
27.96,27.9,263785,739029760,-0.009584665
27.95,27.4,334693,923390400,-0.017921147
27.22,27.4,229876,626631232,0
27.94,27.76,306765,847633408,0.013138686
27.99,27.88,175460,488248992,0.004322767
27.73,27.45,162202,446801696,-0.015423242
27.45,28.18,399372,1112244736,0.026593807
28.16,28.4,432735,1227422976,0.007806955
28.58,28.51,286583,818977664,0.003873239
28.7,30.3,778373,2295784960,0.062784988
29.83,29.62,527382,1567282304,-0.022442244
29.75,30.45,749318,2270642176,0.028021607
30.26,30.43,402572,1221936512,-0.000656814
30.67,30.69,556008,1709812864,0.0085442
29.7,29.43,623334,1851291904,-0.041055718
29.33,29.4,421493,1233995904,-0.001019368
29.35,29.6,390004,1152179456,0.006802721
28.66,28.45,615477,1764499456,-0.038851351
28.7,29.16,661307,1910801792,0.024956063
29.16,28.74,349999,1009163712,-0.014403292
28.82,29.1,577692,1688042112,0.012526096
29.4,29,668764,1934456832,-0.003436426
28.78,27.9,574419,1625603200,-0.037931034
27.75,29.21,767032,2193187072,0.046953405
29.53,30,840797,2533871360,0.027045532
30.16,29.02,594114,1750813056,-0.032666667
29.11,29.39,635824,1887867904,0.012749828
28.77,29.66,558419,1628677888,0.009186798
29.64,29.6,495763,1453919744,-0.002022927
29.8,27.85,954877,2704530944,-0.059121622
28.12,28.35,743576,2108423552,0.017953321
28.8,28.91,666013,1914657664,0.019753086
29.45,29.05,682600,1983324160,0.004842615
29.9,30.33,1220051,3665161728,0.044061962
29.85,30,428335,1283209600,-0.010880317
30,29.87,375066,1116052480,-0.004333333
29.88,29.57,549868,1639026304,-0.010043522
30.02,30.01,479150,1440022016,0.014879946
29.6,28.6,1193021,3429467904,-0.046984339
28.4,28.56,683977,1942560128,-0.001398601
28.1,28.58,500356,1424073088,0.00070028
28.58,28.16,535875,1513190272,-0.014695591
28.24,28.38,354124,1002719232,0.0078125
28.38,28.48,496955,1413615104,0.003523608
28.7,28.95,502882,1450517248,0.016502809
28.79,28.42,338278,963552896,-0.018307427
28.2,28.4,323378,914660544,-0.00070373
28.41,28.3,275858,778816960,-0.003521127
28.29,27.88,325389,912620544,-0.014840989
28,28.27,275470,775964800,0.013988522
28.22,27.99,337659,949634240,-0.009904492
28.07,28.28,290874,821440576,0.010360843
28.5,28.3,397950,1132138880,0.000707214
28.26,28.55,254381,724904832,0.008833922
29.49,29.46,690256,2026234624,0.031873905
29.42,29.57,323686,954515456,0.003733876
29.16,29.37,262307,771310464,-0.006763612
28.9,28.9,373380,1079103616,-0.016002724
29.09,28.58,305229,878968704,-0.011072664
28.3,28.34,266986,756722688,-0.008397481
28.35,28.51,227290,645883584,0.005998589
29,28.46,202094,577042560,-0.001753771
28.53,28.75,551520,1586329600,0.01018974
28.57,28.33,398155,1127759744,-0.014608696
28.33,28.29,311304,879889472,-0.001411931
28.05,27.91,414610,1161523712,-0.013432308
27.92,26.77,829655,2246838272,-0.040845575
26.48,25.91,1015755,2632662016,-0.032125514
25.87,25.39,875750,2225709312,-0.020069471
25.2,25.45,649718,1638937344,0.002363135
25,25.29,749923,1882663808,-0.006286837
25.2,24.85,446787,1116595200,-0.017398181
25.19,24.85,640181,1597992576,0
24.95,25.2,613382,1542017664,0.014084507
25.15,24.57,555166,1368988416,-0.025
24.4,24.88,374108,929035584,0.012617013
24.76,25.51,668531,1690412032,0.025321543
25.51,25.52,456040,1162563968,0.000392003
25.5,25.22,269280,680284480,-0.011755486
25.22,25.7,638200,1644588160,0.019032514
25.5,25.85,426307,1101271168,0.005836576
25.85,26.46,493910,1299657728,0.023597679
26.46,26.31,294245,776229248,-0.005668934
26.31,26.8,366719,976628096,0.018624097
26.7,26.85,229955,615072768,0.001865672
26.85,26.47,323682,862634816,-0.0141527
26.47,27.1,546398,1474685184,0.023800529
27.08,27.33,415588,1136772608,0.008487085
27.3,26.98,349072,942772480,-0.01280644
26.95,27.16,273250,742832000,0.006671609
27.18,27.87,543410,1507548416,0.026141384
27.87,28.52,536482,1525048704,0.023322569
28.52,28.66,577366,1665507584,0.004908836
28.56,28.64,346629,993511488,-0.000697837
28.6,28.42,266892,761698944,-0.007681564
28.45,29.21,571420,1657359488,0.027797326
29.21,29.3,396522,1156418944,0.003081137
29.1,29.39,353636,1034587904,0.003071672
29.39,29.32,395827,1157190400,-0.002381763
29.32,29.84,535776,1579966976,0.017735334
29.65,29.86,452387,1349953536,0.000670241
29.74,29.15,495667,1450557696,-0.023777629
29.35,29.87,446646,1330843136,0.024699828
29.86,29.88,493676,1483350144,0.000334784
30.27,30.15,334340,1010101504,0.009036145
30.18,30.08,453140,1367327616,-0.002321725
30.07,30.63,414875,1252498176,0.018284574
31,32.52,1101847,3503029760,0.061704212
32.29,31.49,948563,3028023040,-0.031672817
31.7,31.71,808342,2568322816,0.006986345
31.7,31.74,487643,1547972352,0.000946074
32.05,32.9,682671,2200499968,0.036546944
33,32.69,956461,3151361536,-0.006382979
32.86,32.35,673804,2188597504,-0.010400734
32.31,32.22,546736,1758476288,-0.004018547
32.01,31.3,707727,2227173120,-0.028553693
30.74,30.78,770066,2368272384,-0.016613419
30.57,30.53,675310,2056842752,-0.008122157
30.91,30.66,838697,2593572096,0.004258107
30.79,31.04,666611,2057062400,0.012393999
30.98,31.45,684942,2162754048,0.013208763
31.42,31.67,595943,1888156800,0.006995231
31.79,32.36,593131,1902942848,0.02178718
32.4,32.03,486751,1565782400,-0.010197775
31.88,32.27,465379,1492217344,0.007492975
32.13,31.98,386224,1240270336,-0.008986675
32.08,32.35,430268,1380682496,0.011569731
32,31.17,639211,2018228608,-0.036476043
31.59,31.49,403362,1268771584,0.010266282
31.69,32.4,594154,1915279488,0.028898063
32.17,32.52,387423,1251752192,0.003703704
32.52,33.92,1164152,3924014336,0.043050431
34.2,34.08,1046396,3595503104,0.004716981
34.1,34.49,694287,2385380864,0.012030516
34.4,34.86,581606,2016043648,0.010727747
34.9,35.59,822852,2919598592,0.020940906
35.7,35.93,810662,2913400320,0.009553245
35.9,35.23,511236,1811302912,-0.019482327
35.05,35.07,674541,2358129664,-0.004541584
35.19,34.96,572516,2008064384,-0.003136584
34.86,34.8,363358,1264673280,-0.004576659
35.42,34.82,924921,3299629312,0.000574713
34.7,36,840815,2991158272,0.03388857
35.89,35.83,494790,1778194048,-0.004722222
35.8,35.5,322741,1143221248,-0.009210159
35.6,36,411749,1481680384,0.014084507
35.8,34.8,715830,2512863744,-0.033333333
34.7,35.23,495692,1748713728,0.012356322
35.53,35.8,540098,1922166656,0.016179393
35.35,35.43,433788,1542369920,-0.010335196
35.16,34.36,517344,1797598592,-0.030200395
34.57,35.33,550332,1937765248,0.028230501
34.57,34.45,953712,3274708224,-0.02490801
33.2,33.91,1133679,3784588288,-0.015674891
34.18,33.71,617476,2078552576,-0.005897965
33.3,33.13,481745,1601956992,-0.017205577
33,32.42,581104,1893434368,-0.021430727
32.86,33.61,654776,2191300352,0.036705737
